pid,screen_width,screen_height,condition,writing_assignment,awe,fear,amazement,happiness,fascination,content_video,content_study,video_played,video_problems,sound_on,attentive,conscientious,screen_control,screen_control_other,num_strengths,num_weaks,has_agreed,has_writing_assignment,num_strengths_z,num_weaknesses_z,has_outlier,has_zero_weaks,has_sound,has_video,has_attentiveness,awe_scale,num_strengths_log,num_weaks_log,balance,balance_log,num_strengths1_log,num_weaks1_log,balance1,balance1_log
15723e3b,667,315,exp_new,"Analytische Fähigkeit
Empathie
Zuhören
Struktur
Klarheit
Intelligenz
Organisationstalent
Vernetzung
",6,5,6,3,6,"Vom Detail zum großen Ganzen
Mensch/Erde ist nur ein kleiner Punkt im Universum",Einfluss auf Selbstbeurteilung,1,"",1,1,1,1,"",8,0,TRUE,TRUE,1.18713431873351,-1.22409238038108,FALSE,TRUE,TRUE,TRUE,TRUE,6,2.07944154167984,-Inf,Inf,Inf,2.19722457733622,0,9,2.19722457733622
10d7505f,390,699,exp_old,"Meine Stärken sind wohl dass ich sehr hilfsbereit bin. Ich bin einfühlsam und kann mit gut in andere hineinversetzen und dadurch gut mit anderen zusammenarbeiten. Außerdem kann ich in schwierigen Situationen oder bei schwierigen Aufgaben gut einen kühlen Kopf bewahren und auch analytisch vorgehen. Zudem würde ich mich als sehr offen und aufgeschlossen beschreiben.
Leider neige ich dazu Dinge zu viel zu überdenken, wodurch ich leicht meine normalerweise optimistische Einstellung herunterziehe. Außerdem gehen mir viele Situationen sehr nahe.",6,2,7,6,7,"- Vergleich der Erde zu anderen uns bekannten Planeten und Sternen im Universum
- zuerst Vergleich zu unserem Sonnensystem, dann Vergleich zu größeren Sternen als die Sonne 
- von kleinstem Planet zu größtem Stern
- am Ende Vergleich der Erde zu größtem Stern",Vielleicht wie die Stärken und Schwächen bzw. Persönlichkeit einer Person Einfluss auf das Erleben und die Emotionen in bestimmten Situationen oder bei Videos (mit speziellem Ton) hat,1,"",1,1,1,1,"",8,2,TRUE,TRUE,1.18713431873351,-0.200557508650007,FALSE,FALSE,TRUE,TRUE,TRUE,6.66666666666667,2.07944154167984,0.693147180559945,4,1.38629436111989,2.19722457733622,1.09861228866811,3,1.09861228866811
6d78c85d,1180,688,exp_new,"Stärken: verantwortungsbewusst, gutes Organisationsgeschick, ich kann gut zuhören, Empathie, ich kann schnell Neues lernen & merken, interessiert

Schwächen:
Unsicher, Geduld",6,2,6,4,6,Aus der Erde rausgezoomt ins Universum,Zusammenhang von Staunen & Persönlichkeit,1,"",1,1,1,2,"",7,2,TRUE,TRUE,0.816467906977055,-0.200557508650007,FALSE,FALSE,TRUE,TRUE,TRUE,6,1.94591014905531,0.693147180559945,3.5,1.25276296849537,2.07944154167984,1.09861228866811,2.66666666666667,0.980829253011726
9cb0e6d2,393,773,exp_new,Ich bin einfühlsam und kümmere mich um die Gefühle von anderen. Ich kann gut planen und organisieren. Jedoch kann ich schnell genervt werden.,4,1,2,1,3,Um die Erde und das Weltall und wie klein wir im Vergleich dazu sind.,Wie Musik und Perspektive einen Einfluss auf die Wahrnehmung haben.,1,"",1,1,1,1,"",4,1,TRUE,TRUE,-0.295531328292308,-0.712324944515543,FALSE,FALSE,TRUE,TRUE,TRUE,3,1.38629436111989,0,4,1.38629436111989,1.6094379124341,0.693147180559945,2.5,0.916290731874155
37e10ef4,393,695,exp_old,"Stärken: 
Körperlich: Ausdauer, Kraft, Hand Augen coordination, vielfältige Erfahrung. 
Mental: Durchhaltevermögen und Motiviert, schlau
Schwächen: faul wenn kein Ziel, unmotiviert wenn es etwas is was ich nicht gut kann

Mache nur gerne Sachen die ich gut kann und muss für Neues oft leicht gezwungen/überredet werden
",2,1,3,2,4,"Größendimensionen in unserem Universum
",Die Selbsteinschätzung nachdem gezweigt wird wie klein und evtl unnötig wir sind im Vergleich zum Universum,1,"",1,1,1,1,"",7,4,TRUE,TRUE,0.816467906977055,0.822977363081064,FALSE,FALSE,TRUE,TRUE,TRUE,3,1.94591014905531,1.38629436111989,1.75,0.559615787935423,2.07944154167984,1.6094379124341,1.6,0.470003629245736
96e326d5,1210,702,exp_old,"Meine Stärken sind, dass ich eher emphatisch bin (was manche auch als Schwäche bezeichnen). Ich hab Humor und ich hab das Gefühl Leute fühlen sich wohn um mich herum. Außerdem bemühe ich mich immer Nett und hilfsbereit zu sein. Zu meinen Schwächen zählt, dass ich nicht sehr fleißig bin. Sehr anhänglich bin. Aufmerksamkeit brauche…",5,1,4,3,4,"Die Größe der Welt 
Vergleich der Welt mit anderen Planeten/Sternen","Ich glaube in der Studie ging es um das Vergleichen. Also das vergleichen der Planeten durch Größe, das vergleichen von uns Menschen durch stärken und schwächen. Aber es könnte auch darum gehen, wie groß unser Universum ist, und was ein winziger Teil wir doch sind, und unsere Stärken und Schwächen im Vergleich zum Weltall doch nur winzig und unwichtig sind.",1,"",1,1,1,2,"",5,3,TRUE,TRUE,0.0751350834641462,0.311209927215528,FALSE,FALSE,TRUE,TRUE,TRUE,4.33333333333333,1.6094379124341,1.09861228866811,1.66666666666667,0.510825623765991,1.79175946922806,1.38629436111989,1.5,0.405465108108164
82aba538,1920,947,control,"Meine Stärken sind hohes Einfühlungsvermögen, Verständnis, Neutralität und Allparteilichkeit, Motivation und Volition. Meine Schwächen sind ein zu hohes Verantwortungsbewusstsein, wenig Humor, ich kann mit nahmen Menschen sehr fordernd sein, ich brauche viel Ruhe und führe schlecht lockere Gespräche, ich kann mich nicht gut in Gruppen integrieren",3,2,1,1,2,Mauern und Mauerbau,Wie langweilige Videos unsere Selbstwahrnehmung beeinflussen.,1,"",2,2,1,3,"",6,6,TRUE,TRUE,0.445801495220601,1.84651223481214,FALSE,FALSE,FALSE,TRUE,FALSE,2,1.79175946922806,1.79175946922806,1,0,1.94591014905531,1.94591014905531,1,0
818036ee,430,775,control,"Stärken: 
Sprachen 
Kunst & Kreativität 

Schwächen: 
Mathematik
Technik 
Wenig Geduld",1,1,2,2,2,Informationen um Mauern stabiler zu errichten,/,1,"",1,1,1,1,"",3,3,TRUE,TRUE,-0.666197740048763,0.311209927215528,FALSE,FALSE,TRUE,TRUE,TRUE,1.66666666666667,1.09861228866811,1.09861228866811,1,0,1.38629436111989,1.38629436111989,1,0
ca72fe3e,1272,668,control,"Stärken: ich bin vor allem gut im logische analytischen Denken  und bin positiv, motiviert und diszipliniert und gut in Teamarbeit. 
Schwächen: Ich bin vllt etwas ungeduldig und manchmal faul",1,1,2,2,3,"Methoden, um eine Mauer zu stabilisieren.
Zum Beispiel Kurven/Ecken, Rohre oder Kleber + Werbung","Keine Ahnung, vllt worauf man den Fokus setzt beim Video",1,"",1,1,1,3,"",5,2,TRUE,TRUE,0.0751350834641462,-0.200557508650007,FALSE,FALSE,TRUE,TRUE,TRUE,2,1.6094379124341,0.693147180559945,2.5,0.916290731874155,1.79175946922806,1.09861228866811,2,0.693147180559945
62b8f0a6,430,729,exp_new,"Meine Stärke ist, dass ich gerne und viel rede. Immer mit anderen Leuten das Gespräch suche und mich sehr für das Leben meiner Mitmenschen interessiere. Wenn ich jemanden kenne, bin ich super offen, immer für diese Person da und schätze jeden Moment. Meine Schwöche jedoch ist, dass ich erst Zeit brauche um mich zu öffnen. Ich angst habe, zu schlecht für etwas zu sein und mich dann oft nicht traue etwas zu tun. Mir fehlt oft das Selbstbewusstsein aus mir raus zu kommen und mich so zu zeigen wie ich bin. Außerdem versuche ich es immer allen anderen gerecht zu machen und merke dadurch nicht, dass ich einfach ich sein sollte anstatt mich zu verstellen.",4,4,7,2,6,"- Universum
- wie klein die Welt ist im Vergleich zu der Milchstraße
- Verlassen von Bekanntem ins Ungewisse",Wie verschiedene Menschen Videos in Kombination mit Tönen wahrnehmen und interpretieren + auf den eigenen Charakter beziehen/ widerspiegeln,1,"",1,1,1,1,"",6,7,TRUE,TRUE,0.445801495220601,2.35827967067767,FALSE,FALSE,TRUE,TRUE,TRUE,5.66666666666667,1.79175946922806,1.94591014905531,0.857142857142857,-0.154150679827258,1.94591014905531,2.07944154167984,0.875,-0.133531392624523
f32c8d05,360,625,control,"Zunächst zu meinen Stärken. Ich bin sehr ordentlich und strukturiert, zudem kann ich gut zu hören. Ich funktioniere gut in einer Teamarbeit und bin zuverlässig.
Meine schwächen sind, dass ich manchmal die Zeit nicht richtig im Blick hab und für kleinere Aufgaben viel zu viel Zeit aufwende.",2,1,3,2,1,"Das Video handelte davon, wie man Mauern baut und diese besonders gut verstärkt.",Ich weiß es leider nicht,1,"",1,1,1,1,"",5,2,TRUE,TRUE,0.0751350834641462,-0.200557508650007,FALSE,FALSE,TRUE,TRUE,TRUE,2,1.6094379124341,0.693147180559945,2.5,0.916290731874155,1.79175946922806,1.09861228866811,2,0.693147180559945
8ed80f9e,402,714,exp_new,"meine Stärken sind meine kreativität und konzentration unter stress, ich lasse mich wenig von meinen Emotionen lenken undkann auch in stressigen oder schwierigen situationen ruhig und faktenbasiert bleiben. 
ich prokrasiniere manchmal zu vor indian mich schwer aufraffen dinge zu tun, wieso das so ist kann ich mir dabei oft selbst nicht erklären außerdem falle ich anderen oft ins wort, grundsätzlich höre ich trotzdem gerne zu und beschäftige mich mit anderen menschen ",5,1,6,5,7,der bedeutungslosigkeit des menschen angesichts des unendlichen universums,vielleicht wie sich das gefühl der distanzierung von seinem eigenen leben und der realisation der eigenen bedeutungslosigkeit (also im sinne davon wie viel mehr es eigentlich noch gibt) auf das eigene selbstbild auswirkt,1,"",1,1,1,1,"",8,3,TRUE,TRUE,1.18713431873351,0.311209927215528,FALSE,FALSE,TRUE,TRUE,TRUE,6,2.07944154167984,1.09861228866811,2.66666666666667,0.980829253011726,2.19722457733622,1.38629436111989,2.25,0.810930216216329
453cf770,390,658,exp_old,"Die Stärken der Person sind, dass sie sehr zuverlässig ist. Sie hält sich an das was sie verspricht, außerdem ist sie zuvorkommend und möchte immer alle einschließen und mitnehmen.
Die wahrscheinlich größte Schwäche der Person ist, dass sie vor lauter Angst zu scheitern oft gar nicht erst anfängt bzw. Dinge so weit hinauszögert, dass sie in der Zeit die noch übrig ist, nicht mehr perfekt erledigt werden können.",4,3,5,2,3,"- die Erde im Sonnensystem
- Irrelevanz des Individuums bzw. Gleichheit aller von außen
- als Einzelner Teil etwas viel Größeren sein
- greifbarere Vorstellung über die Größen der Planeten vermitteln
- epische Musik","Ob das Video in einem eher ein Gefühl von Nutzlosigkeit auslöst, weil es einem so erscheint als hätte alles keinen Sinn, weil man tatsächlich nur ein winzig kleiner Fleck im Universum ist oder, ob das Video einen eher dazu anregt tätig zu werden und sich nicht den Kopf über sein Handeln zu zerbrechen, weil man tatsächlich nur ein winzig kleiner Fleck im Universum ist.",1,"",1,1,1,1,"",5,2,TRUE,TRUE,0.0751350834641462,-0.200557508650007,FALSE,FALSE,TRUE,TRUE,TRUE,4,1.6094379124341,0.693147180559945,2.5,0.916290731874155,1.79175946922806,1.09861228866811,2,0.693147180559945
00713a9f,1710,900,exp_new,"ich bin zuverlässig, halte mich an Regeln, ich habe gute Manieren , ich kann gut kochen, ich mag es draußen zusein und Sport zu machen, ich mag meinen Garten, ich höre gerne Podcast, ich mag gerne gute Serien mit Superhelden",1,1,4,3,6,In meinen Augen ging es um unsere Erde - vom kleinen Feldweg bis hin zu den Unweiten der Galaxy.,Ich konnte keinen Zusammenhang erkennen,1,"",2,1,1,3,"",9,0,TRUE,TRUE,1.55780073048996,-1.22409238038108,FALSE,TRUE,FALSE,TRUE,TRUE,3.66666666666667,2.19722457733622,-Inf,Inf,Inf,2.30258509299405,0,10,2.30258509299405
7c2620d4,393,665,control,"Ich bin sehr empathisch, hilfsbereit und fürsorglich. Ich kümmere mich um andere so wie ich gerne behandelt werden würde, ich versuche viel hineinsetzungsvermögen und Verständnis anderen gegenüber zu haben. Ich hab viel selbstreflexion. Gleichzeitig sorge ich mich um mich selbst kaum, vernachlässige mich und meinen Körper, bin teils so empathisch dass ich nachteile von habe und falsches verhalten aus Mitleid entschuldigen könnte. Ich habe nicht viel Geduld, kaum selbstregulation und komme mit meinen gefühlen teils sxhwer klar, ich verschiebe gerne statt mich direkt drum zu kümmern und manchmal bin ich auch gnadenlos wenn man mich zu viel getestet hat, sodass all die oben genannten stärken kurz wegfallen",1,1,3,1,2,"Wie man Mauern bauen ind stabilisieren kann, welche Methoden es dafür gibt und welche optischen Merkmale ebenfalls vorteilhaft sind für stabile Mauerbauten",Ehm keine Ahnung,1,"",1,1,1,1,"",7,10,TRUE,TRUE,0.816467906977055,3.89358197827428,TRUE,FALSE,TRUE,TRUE,TRUE,2,1.94591014905531,2.30258509299405,0.7,-0.356674943938732,2.07944154167984,2.39789527279837,0.727272727272727,-0.318453731118535
176a1a80,402,768,exp_old,"Meine Stärken sind zum Beispiel mein Einfühlungsvermögen. Ich höre meinen Mitmenschen gerne zu und versuche ihnen gerne zu helfen. Zudem habe ich immer ein offenes Ohr für sie und bin immer für sie da. Ich bin ehrgeizig, zielstrebig und arbeite hart an etwas, was ich mir vorgenommen habe. 
Meine Schwächen sind, dass ich mir alles sehr sehr zu Herzen nehme. Manchmal bin ich etwas zu ehrgeizig und ungeduldig. Eine riesen Schwäche von mir ist, dass ich extrem selbstkritisch bin. ",7,3,6,5,7,"- von unserem Universum 
- von vielen Planeten und Sternen im Universum, die der Größe nach aufgelistet wurden (vom Kleinsten zum Größten)",- Aufmerksamkeitsspanne der Zuschauer testen,1,"",1,1,1,1,"",8,4,TRUE,TRUE,1.18713431873351,0.822977363081064,FALSE,FALSE,TRUE,TRUE,TRUE,6.66666666666667,2.07944154167984,1.38629436111989,2,0.693147180559945,2.19722457733622,1.6094379124341,1.8,0.587786664902119
2542be88,360,601,exp_new,"Freundlich 
Liebevoll
Humorvoll
Loyal
Verletzlich 

Maßlos beim Essen 
Ungeduld 
Impulsiv 
Verletzlich 
",7,1,7,7,7,Wie die Erde immer kleiner wird,Wie sich ein Video auf die Emotionen auswirken kann,1,"",1,1,1,1,"",5,4,TRUE,TRUE,0.0751350834641462,0.822977363081064,FALSE,FALSE,TRUE,TRUE,TRUE,7,1.6094379124341,1.38629436111989,1.25,0.22314355131421,1.79175946922806,1.6094379124341,1.2,0.182321556793955
460ac9c3,375,689,exp_old,"sozial, durchsetzungskräftig, strukturiert, fair,
pünktlich, verlässlich,

ängslich, Orientierungsschwäche, Selbstzweifel,",6,3,7,2,5,Um die Erde und um das Universum. Wie klein die Erde ist im Gegensatz zu den anderen Planeten. Der Mensch als kleiner Teil vom großen.,"Was das Video bei den Menschen auslöst, welche verschiedenen Wahrnehmungen ",1,"",1,1,1,1,"",6,3,TRUE,TRUE,0.445801495220601,0.311209927215528,FALSE,FALSE,TRUE,TRUE,TRUE,6,1.79175946922806,1.09861228866811,2,0.693147180559945,1.94591014905531,1.38629436111989,1.75,0.559615787935423
be550416,411,752,control,"Ich bin äußerst resilient, habe eine hohe Mustererkennung,  bin sehr gut in Konfliktlösung.
Schwächen sind , gedankenrasen, nachanalysieren aller Geschehnisse des Tages und Gespräche.  Konzentrationsprobleme",1,1,1,1,1,"Vom Mauerbau, der Fixierung und Stabilisierung der mauer",Visuelle Ankerpunkte die das Unterbewusstsein lenken,1,"",1,1,1,1,"",3,4,TRUE,TRUE,-0.666197740048763,0.822977363081064,FALSE,FALSE,TRUE,TRUE,TRUE,1,1.09861228866811,1.38629436111989,0.75,-0.287682072451781,1.38629436111989,1.6094379124341,0.8,-0.22314355131421
46ececa3,411,742,exp_old,"Spontan
Humorvoll
Leidenschaftlich

Vergesslich
Schnellsprechend
Direkt",1,1,5,2,7,"Planeten im Universum
Vergleich der relativen Grössen
Grösster bekannter Planet verglichen mit der Erde",Keine Ahnung,1,"",1,1,1,1,"",3,3,TRUE,TRUE,-0.666197740048763,0.311209927215528,FALSE,FALSE,TRUE,TRUE,TRUE,4.33333333333333,1.09861228866811,1.09861228866811,1,0,1.38629436111989,1.38629436111989,1,0
5a55edb2,393,695,exp_old,"Meine Stärken sind, dass ich sehr gut zuhören kann, emphatisch bin, jede Situation mit Humor nehmen kann und irgendeinen blöden Witz raushauen kann, ich bin sehr akribisch und lass mich nicht so schnell aus der Ruhe bringen 
Meine schwäche sind meine Vergesslichkeit, dass ich fünf Dinge Versuch gleichzeitig zu tun, sehr emotional bin und sehr selbstkritisch bin. Mit Kritik umgehen ist auch eine meiner Schwächen sowie Grenzen zu setzen und nein zu sagen ",7,1,5,6,7,"Der Größe der Erde und der Vergleich dazu von unseren Planeten, Sternen und Gasrießen die wir kennen.",Wie schnell unser geheime zwischen Emotionen und Wissen switchen kann?,1,"",1,1,1,1,"",6,7,TRUE,TRUE,0.445801495220601,2.35827967067767,FALSE,FALSE,TRUE,TRUE,TRUE,6.33333333333333,1.79175946922806,1.94591014905531,0.857142857142857,-0.154150679827258,1.94591014905531,2.07944154167984,0.875,-0.133531392624523
35f149ac,390,653,control,"Stärken: 
- Empathie 
- Kommunikation 
- extrovertiert 
- neugierig 
- lebensfroh
- tierlieb 
- handwerklich begabt 

Schwächen: 
- Kritik unfähig 
- sensibel 
- unsicher 
- anhänglich ",1,1,1,1,1,- Befestigung von Mauerwerken,- medialer Einfluss auf emotionale Reaktionen,1,"",1,1,1,1,"",7,4,TRUE,TRUE,0.816467906977055,0.822977363081064,FALSE,FALSE,TRUE,TRUE,TRUE,1,1.94591014905531,1.38629436111989,1.75,0.559615787935423,2.07944154167984,1.6094379124341,1.6,0.470003629245736
b13add2e,393,695,exp_new,Zu meinen Stärken gehört zwar nicht immer das aufmerksame zuhören aber ich merke mir einiges und erinnere mich gerne an Sachen die zb meine Freunde erzählt haben. Meistens ist die jedoch nur der Fall wenn es mich wirklich interessiert. Schwächen habe ich natürlich eine davon ist dabei keine gute selbstreflektion deswegen habe ich keine :),1,1,1,1,1,Es wurde viel gezeigt erst von der Erde und dann weiter raus gezoomt bis zum Weltall und das ganze Universum wurde gezeigt,Aufmerksamkeit Überprüfung was zu einer Zeitverschwendung geführt hat,2,Kam erst schwarzer Bildschirm grrrr musste es dann öfters neu laden aber dann hat alles supi dupi geklappt,1,1,1,1,"",2,1,TRUE,TRUE,-1.03686415180522,-0.712324944515543,FALSE,FALSE,TRUE,FALSE,TRUE,1,0.693147180559945,0,2,0.693147180559945,1.09861228866811,0.693147180559945,1.5,0.405465108108164
1deafd52,390,663,exp_old,"Ich denke ich bin sehr empathievoll und einfühlsam. Ich besitze emotionale Intelligenz und kann mich gut in andere Menschen hineinversetzen 
Manchmal kann ich aber etwas egoistisch denken bzw selbstzentriert sein und mir zu viele Gedanken über eine bestimmte Sache machen, sodass ich total gestresst werde ",5,3,7,5,7,"Von unserem Universum, unserem Planetensystem und insbesondere von der „Bedeutungslosigkeit“ der Erde im Vergleich zu den anderen viel größeren Planeten bzw. Sternen ","Um ehrlich zu sein keine Ahnung, aber vielleicht die Bedeutung des Menschen obwohl er eigentlich nur ein „Staubkorn“ im Universum ist ",1,"",1,1,1,1,"",4,2,TRUE,TRUE,-0.295531328292308,-0.200557508650007,FALSE,FALSE,TRUE,TRUE,TRUE,6.33333333333333,1.38629436111989,0.693147180559945,2,0.693147180559945,1.6094379124341,1.09861228866811,1.66666666666667,0.510825623765991
6ca96a32,393,773,exp_new,"Stärken:
- Kreativität wenn in Not
- verhalten von menschen verstehen
- musisches Verständnis in Bezug auf Tanzen

Schwächen:
- verstehen von vieler Strukturen
- mit Gefühlen anderer umgehen können
- eigenes ego zurückstecken",1,1,5,7,7,"- das das Universum größer als nur unsere erde ist
- das es mehrer solarsysteme im Universum gibt","- das wir menschen nicht die einzigen Lebewesen sind und es weit aus mehr da draußen gibt bzw generell im leben, das einfach ein größeres Bild der Möglichkeiten gezeigt wird",1,"",1,1,1,1,"",3,3,TRUE,TRUE,-0.666197740048763,0.311209927215528,FALSE,FALSE,TRUE,TRUE,TRUE,4.33333333333333,1.09861228866811,1.09861228866811,1,0,1.38629436111989,1.38629436111989,1,0
6f9eef85,360,609,exp_new,"Ich bin Jemand, der sich konzentrieren kann und Dinge zu Ende bringen möchte. Kann mich auch auf langfristige Dinge gut einlassen. 
Leider hab ich eine geringe Frustrationstolleranz und bin beeinflussbar.",6,1,2,6,6,Reise von einem Punkt auf der Erde - Sonnensytem - Milchstraße- All,Keine Ahnung.,1,"",1,1,1,1,"",3,2,TRUE,TRUE,-0.666197740048763,-0.200557508650007,FALSE,FALSE,TRUE,TRUE,TRUE,4.66666666666667,1.09861228866811,0.693147180559945,1.5,0.405465108108164,1.38629436111989,1.09861228866811,1.33333333333333,0.287682072451781
36aeb4ab,360,626,exp_new,"Ich habe eine schnelle Auffassungsgabe. Bin fleißig und mache Dinge die ich anfange so gut ich kann.
Ich kann mich gut in Menschen hineinversetzen und versuche immer deren Sicht zu verstehen. ",5,1,6,4,7,Galaxien,"Empfindungen, Reaktion",1,"",1,1,1,1,"",5,0,TRUE,TRUE,0.0751350834641462,-1.22409238038108,FALSE,TRUE,TRUE,TRUE,TRUE,6,1.6094379124341,-Inf,Inf,Inf,1.79175946922806,0,6,1.79175946922806
ab3a321f,791,260,exp_new,"Meine Stärken sind Freundlichkeit und Hilfsbereitschaft. Ich bin fleißig, loyal meinen Freunden gegenüber und helfe gerne anderen, wenn sie es brauchen. Außerdem habe ich eine schnelle Auffassungsgabe. 
Meine Schwächen sind Impulsivität, 
Manchmal setze ich mich selbst sehr unter Druck, wenn ich zu viel machen möchte und gleichzeitig Perfektion erreichen will. ",6,2,5,7,6,"Herauszoomen von einem Punkt auf der Erde auf Ansicht des Kontinents, der Erde, dann auf unser Sonnensystem, Milchstraße, Universum. ","Keine Ahnung. Aber das Video zeigt für mich die Irrelevanz des Menschen. Wir nehmen uns so wichtig und vergessen dabei, dass wir ein sehr sehr kleiner Teil eines großen Ganzen sind. ",1,"",1,1,1,1,"",6,2,TRUE,TRUE,0.445801495220601,-0.200557508650007,FALSE,FALSE,TRUE,TRUE,TRUE,5.66666666666667,1.79175946922806,0.693147180559945,3,1.09861228866811,1.94591014905531,1.09861228866811,2.33333333333333,0.847297860387204
9a75f5ae,390,699,exp_old,"Ich bin, organisiert und leistungsfähig. Für mein Alter bin ich noch sehr fit sehr. Ich bin hilfsbereit, wenn man mich fragt. ich kann sehr gut kochen und verschiedene Sprachen sprechen. Ich bin intelligent und vielseitig interessiert. Ich sehe gut aus. Bin selbstständig und unabhängig und kann mein Leben alleine führen. Ich habe eine handwerkliche Begabung.. 

Es fällt mir schwer, auf andere Menschen zu zugehen. Ich mache mir zu viele Gedanken über mich selbst und bin, obwohl ich meine Stärken kenne häufig unzufrieden mit mir selbst und meinen Leistungen und denke deshalb auch das andere mich wenig interessant finden. Ich bin undiszipliniert, nehme mir Dinge vor, aber führe sie da nicht durch.. ich bin zu perfektionistisch, das stresst mich sehr und ist auch für andere anstrengend. Daraus resultiert auch, dass es mir schwer fällt, Entscheidung zu treffen, weil ich immer versuche die perfekte Entscheidung zu treffen.. ich kann Kontrolle nicht abgeben, da ich mich dann unsicher fühle, lass ich nie ganz los.",5,1,5,4,5,"Von dem Universum und den Planeten, die uns umgeben. Vielleicht auch davon, wie winzig klein wie innerhalb dieses Universums sind.","Festzustellen, wie wichtig sich Personen selber nehmen.",1,"",1,1,1,1,"",13,9,TRUE,TRUE,3.04046637751578,3.38181454240874,TRUE,FALSE,TRUE,TRUE,TRUE,5,2.56494935746154,2.19722457733622,1.44444444444444,0.367724780125317,2.63905732961526,2.30258509299405,1.4,0.336472236621213
8157cb44,1180,688,exp_new,"Empathie Aufgeschlossenheit sport sozial ruhig gelassenheit

Leicht stressbar 

",7,2,5,5,7,"Es sollte uns mal wieder daran erinnern, wie klein wir Menschen und die Erde sind. 
Universum Galaxien","Wie Menschen auf diese Vorstellung, dass da noch so viel mehr als wir sind im Universum, emotional reagieren",1,"",1,1,1,2,"",6,1,TRUE,TRUE,0.445801495220601,-0.712324944515543,FALSE,FALSE,TRUE,TRUE,TRUE,6.33333333333333,1.79175946922806,0,6,1.79175946922806,1.94591014905531,0.693147180559945,3.5,1.25276296849537
584d435c,1376,761,exp_new,"Ich bin eine sehr vertrauenswürdige und verständnisvolle Person. Es passiert häufig, dass Menschen, die mir zum ersten Mal begegnen, mir direkt sehr vertrauenswürdige Dinge erzählen. Ich bin geduldig, offenherzig, sehr herzlich. Außerdem bin ich extrem ehrgeizig, fleißig und charakterstark. Ich bin loyal und kann sehr gut auf andere Menschen eingehen.

Meine Schwächen sind, dass ich häufig Selbstzweifel habe, oft faul bin, wenn keine Deadline ansteht und ich bin sehr (selbst-)kritisch, womit ich mir häufig im Weg stehe.",4,1,3,3,4,"ländliches Gebiet wurde gezeigt, dann herausgezoomt, bis man das Gebiet von oben sah, dann immer weiter herausgezoomt, bis schließlich die Erde als ganzes, dann unser Sonnensystem, dann unsere Galaxie und dann ein Teil des Weltalls gezeigt wurde","Ich vermute, dass untersucht wird, wie die abgefragten Emotionen in Verbindung mit unserer Selbstwahrnehmung (positiv vs. negativ) stehen",1,"",1,1,1,3,"",10,3,TRUE,TRUE,1.92846714224642,0.311209927215528,FALSE,FALSE,TRUE,TRUE,TRUE,3.66666666666667,2.30258509299405,1.09861228866811,3.33333333333333,1.20397280432594,2.39789527279837,1.38629436111989,2.75,1.01160091167848
007fd36d,1272,668,exp_new,"Ich bin selbstbewusst, kann für mich einstehen, bin sportlich, kann mich für fast alles begeistern, habe ehrliches Interesse an der Geschichte anderer, kann ut dankbarkeit zeigen, auf der anderen Seite bin ich ungeduldig, kann sehr böse werden wenn ich hunger habe oder müde bin und bin manchmal auch sehr dickköpfig",6,2,6,4,6,"Universum, was für ein unbedeutender Teil dieses Universums wir sind, Unendlichkeit",Wie die Wahrnehmung von Stärken und Schwächen mit dem Vor Augen führen der Unwichtigkeit von uns Menschen zusammenhängen,1,"",1,1,1,3,"",6,4,TRUE,TRUE,0.445801495220601,0.822977363081064,FALSE,FALSE,TRUE,TRUE,TRUE,6,1.79175946922806,1.38629436111989,1.5,0.405465108108164,1.94591014905531,1.6094379124341,1.4,0.336472236621213
114bd1c9,411,778,exp_new,Interessiert an neuem. Begeisterungsfähig und ehrlich. Ich kann zuhören und Entscheidungen schnell treffen. Meine Schwächen sind schlechte Englischkenntnisse und dass ich impulsiv bin.,5,1,6,6,7,Ausgangspunkt war ein Ort auf der Erde in Deutschland. Dann wurde von diesem aus die Erde gezeigt und die Betrachtung ging weiter in das Universum. Immer weiter und tiefer ins Weltall. Das Sonnensystem und letztlich die Milchstraße wurden verlassen. Andere Galaxien waren zu sehe. Fazit: Die Erde und ihre Bedeutungslosigkeit angesichts der Dimension des Weltalls.,"Zusammenhang von Emotionen, Selbsteinschätzung und Faszination ",1,"",1,1,1,1,"",5,2,TRUE,TRUE,0.0751350834641462,-0.200557508650007,FALSE,FALSE,TRUE,TRUE,TRUE,6,1.6094379124341,0.693147180559945,2.5,0.916290731874155,1.79175946922806,1.09861228866811,2,0.693147180559945
4be6732c,384,691,exp_new,"Meine Stärken liegen in meiner Empathiefähigkeit, musische Fähigkeit und darin das Wunder des SEINS und der Schöpfung zu sehen 
Meine Schwäche ist die Ungeduld und der Perfektionismus",7,1,7,7,7,Von der Klrinigkeit des Seins in die Größe des Seins: eine Sache wirkt groß ist aber im Ganzen klein und trotzdem (für den ersten Moment) von Bedeutung,Wahrnehmung? Oder Emotionen,1,"",1,1,1,1,"",3,2,TRUE,TRUE,-0.666197740048763,-0.200557508650007,FALSE,FALSE,TRUE,TRUE,TRUE,7,1.09861228866811,0.693147180559945,1.5,0.405465108108164,1.38629436111989,1.09861228866811,1.33333333333333,0.287682072451781
756ed54e,1440,697,control,"Meine Stärken sind, dass ich gut zuhören kann, sehr offen für neue Eindrücke und Erfahrungen bin und mich für viele Dinge schnell begeistern kann. Ich glaube auch dass ich ein sehr kreativer Mensch bin, da ich gerne male. 

Schwächen sind Zurückgezogenheit, Perfektionismus, der Drang, Dinge überzuanalysieren",2,1,2,3,4,Stabilisation einer Mauer mit Stahlpfählen (Anleitung),Die Auswirkung von Ehrfurchtserfahrungen auf das Selbstbild (evtl über „Small Self“-Gefühle vermittelt),1,"",1,1,1,3,"",5,3,TRUE,TRUE,0.0751350834641462,0.311209927215528,FALSE,FALSE,TRUE,TRUE,TRUE,2.66666666666667,1.6094379124341,1.09861228866811,1.66666666666667,0.510825623765991,1.79175946922806,1.38629436111989,1.5,0.405465108108164
9fd6a326,392,720,control,"begeisterungsfähig, kann mich gut in Themen einarbeiten, kann unter Stress arbeiten, sehr schwingungsfähig/emotional intelligent

Schwäche: aktuell nicht wirklich alltagsfähig, diverse Probleme weil meine Symptomatik mit dem Alltag /funktionsfähig crasht, schwarz weiss denken, hänge mich zu sehr an details auf ",1,1,1,1,2,"Firma allanblock prasentiert ein Anleitungsblatt zum Mauerbau in Gärten, Verstärkung einer Mauer durch Kurveneinbau, Stärkung durch Pfähle (abmessung mit 60cm zu viel, die dann mit drei Werkzeugen in die Mauer getrieben werden, dafür werden erst umliegende Steine entfernt, dann mit Kleber wiedereingefügt.) Am Ende ästhetische Optionen zur Auswahl.","Mauerverstärkung als Symbol fürs Unbewusste, Stärke= sich besser auf seine Starke konzentrieren können, evtl auch Merkfähigkeit und Detailreplikation

ah ja kann sein dass ADHS/Autismus das bei mir verfälscht ",1,"",1,2,1,1,"",4,4,TRUE,TRUE,-0.295531328292308,0.822977363081064,FALSE,FALSE,TRUE,TRUE,FALSE,1.33333333333333,1.38629436111989,1.38629436111989,1,0,1.6094379124341,1.6094379124341,1,0
d28ce4d5,375,637,control,"Ich kann ganz ok Zuhörern. Ich bin aufmerksam und hilfsbereit. Wenn mir wer von Problemen erzählt will ich gleich helfen, was auch als Schwäche gewertet werden kann, falls sich wer nur ausheulen will. 
Ich bin oft aber ungeduldig, und wenn ich gestresst bi will ich nicht von anderen geatmet werden. Ich hab einen Weg wie ich Sachen mache und wenn andere das anders machen bin ich oft überzeugt davon das sie es weniger genau, effizient und generell schlechter machen als ich mit meiner Strategie. Das kommt schnell besserwisserisch rüber. Ich würde behaupten dass ich recht reflektiert bin, bilde mir darauf aber auch ein wenig was ein. ",1,1,1,1,2,"Das Video handelte von verschiedenen wegen eine kleine Mauer stabiler zu gestalten. 
Die Bausteine und innen geführte Metallrohre die im Boden verankert sind helfen dabei. ",Emotionale Verarbeitung eines Videos,1,"",1,1,1,1,"",5,5,TRUE,TRUE,0.0751350834641462,1.3347447989466,FALSE,FALSE,TRUE,TRUE,TRUE,1.33333333333333,1.6094379124341,1.6094379124341,1,0,1.79175946922806,1.79175946922806,1,0
ac1b8028,393,695,control,"Ich bin sehr emphatisch und kann mich gut in andere hinein versetzen um zu verstehen was sie fühlen und warum.
Ich kann sehr gut mit Hunden umgehen und dem richtigen Zeitpunkt einschätzen um in ein verhalten einzugreifen.
Ich bin kreativ und kann mir viele verschiedene Geschichten und Situationen vorstellen und erschaffen.",1,1,1,1,1,"Mauerbau
Stabilisierung von Mauern
Rohre
Vorschlaghammer",Keine Ahnung,1,"",1,1,1,1,"",6,0,TRUE,TRUE,0.445801495220601,-1.22409238038108,FALSE,TRUE,TRUE,TRUE,TRUE,1,1.79175946922806,-Inf,Inf,Inf,1.94591014905531,0,7,1.94591014905531
1c614dc7,390,699,exp_new,"Stärken: Belastbarkeit, Empathie & Wertschätzung, Zuverlässigkeit, Kommunikation auf Augenhöhe, Zuhören, Verständnis entgegenbringen - Einfühlsam sein, Kochen, Konzentration, Erinnerungsvermögen
Schwächen: Kein Raumdenken bzw. abstände abschätzen können, Ungeduldig, Höhenangst, unsportlich ",1,1,5,3,7,Die Erde und wie klein diese ist im vergleich zum Universum. Veranschaulichung des Universums,Ich habe gar keine Ahnung.,1,"",1,1,1,1,"",11,4,TRUE,TRUE,2.29913355400287,0.822977363081064,FALSE,FALSE,TRUE,TRUE,TRUE,4.33333333333333,2.39789527279837,1.38629436111989,2.75,1.01160091167848,2.484906649788,1.6094379124341,2.4,0.8754687373539
55767451,360,626,exp_old,"Meine Stärken sind, dass ich gut zuhören kann, immer verlässlich bin und hilfsbereit. Außerdem bin ich sehr kreativ und einfühlsam.
Meine Schwächen sind, dass ich immer alles perfekt und zu 100% richtig erledigen möchte und dadurch oft für Aufgaben zu viel Zeit brauche oder diese Aufgaben vor mir her schiebe. Außerdem fällt es mir schwer Kontrolle abzugeben.",7,2,6,4,6,Die Größenverhältnisse zwischen den Planeten unseres Sonnensystems und Sternen bis hin zum größten bekannten Stern,Wie das Video und die dabei empfunden Gefühle unsere Meinung über uns selber beeinflusst,1,"",1,1,1,1,"",5,2,TRUE,TRUE,0.0751350834641462,-0.200557508650007,FALSE,FALSE,TRUE,TRUE,TRUE,6.33333333333333,1.6094379124341,0.693147180559945,2.5,0.916290731874155,1.79175946922806,1.09861228866811,2,0.693147180559945
b71992d2,980,1696,exp_old,"Meine größte Stärke, ich bin intelligent und analytisch. Ich kann abstrakte Muster sehr schnell identifizieren, verstehe mathematische und statistische Zusammenhänge oft auf Anhieb, und bemerke logische Widersprüche. 
Meine größte Schwäche ist meine Unzuverlässigkeit, ich vergesse oft Meetings, bleibe zu lange wach, schlafe zu lange, oder bin sonst irgendwie sehr verpeilt. ",7,1,5,6,7,"Ein Zoom aus den Dingen im Universum heraus, von einem Ort auf der Erde bis zum größten Stern",Keine Ahnung,1,"",1,1,1,1,"",6,5,TRUE,TRUE,0.445801495220601,1.3347447989466,FALSE,FALSE,TRUE,TRUE,TRUE,6.33333333333333,1.79175946922806,1.6094379124341,1.2,0.182321556793955,1.94591014905531,1.79175946922806,1.16666666666667,0.154150679827258
bc4aaafa,390,699,control,"Stärken: meine Stärken sind eine Gute Organisation von Abläufen, Prozessen und Aufgaben die im Alltag anstehen aber auch lamgfristig für Projekte geplant werden müssen. Zudem ist eine weitere Stärke, dass ich sehr zielstrebig und schnell zu begeistern bin wenn mich etwas wirklich interresiert. 
Schwächen von mit sind das ich oft sehr ungeduldig bin und je nach Thema auf meine Meinung beharre und andere so negativ beeinflusse",1,1,5,5,6,"Mauerbau 
Stabiliserung der Mauer durch Metallstäbr
Stabiles Aufkleben von Abschlusssteinen","Ablenkung 
Selbstwahrnehmung 
",1,"",1,1,1,1,"",4,2,TRUE,TRUE,-0.295531328292308,-0.200557508650007,FALSE,FALSE,TRUE,TRUE,TRUE,4,1.38629436111989,0.693147180559945,2,0.693147180559945,1.6094379124341,1.09861228866811,1.66666666666667,0.510825623765991
20a49653,360,641,exp_new,"Zuverlässigkeit, Pünktlichkeit, Lernbereitschaft, organisiert, Kommunikationsfähigkeit 

Ungeduldig, schlamperhaft, ",3,1,4,1,4,"Darstellung von der Erde ändere den Termin  und dem Universum. Herauszoomen aus einem Ort, damit man alles betrachten kann.","Emotionen, eindruck, ",1,"",1,1,1,1,"",5,2,TRUE,TRUE,0.0751350834641462,-0.200557508650007,FALSE,FALSE,TRUE,TRUE,TRUE,3.66666666666667,1.6094379124341,0.693147180559945,2.5,0.916290731874155,1.79175946922806,1.09861228866811,2,0.693147180559945
fed349dc,402,684,control,"Ich bin kreativ, rücksichtsvoll, geduldig und einfühlsam. 
Ich bin schlecht darin mich zu konzentrieren. ",2,2,1,2,3,"Anleitung mauernbau 
Verstärkung Mauer durch vertikales Rohr 
",Bearbeitung von Aufgabe unter Zeitdruck nachdem man sich auf informations Input  konzentrieren musste,1,"",1,1,1,1,"",4,1,TRUE,TRUE,-0.295531328292308,-0.712324944515543,FALSE,FALSE,TRUE,TRUE,TRUE,2,1.38629436111989,0,4,1.38629436111989,1.6094379124341,0.693147180559945,2.5,0.916290731874155
ceae91a9,402,684,exp_old,"Meine Stärken sind meine Spontanität und Offenheit gegenüber neuer Dinge. Ich verstehe mich schnell mit neuen Leuten und kann späße machen. Ausserdem bin ich sehr leicht für die kleinen Dinge im Leben zu begeistern. Ich habe ein gutes Verhältnis zu meinen Freunden und Familie und umgebe mich meistens nur mit Leuten die mir gut tun. 
Meine Schwächen sind dass ich faul bin und zu viel über Sachen nachdenke. Ich bin nicht zufrieden mit mir selbst. Ich habe oft Angst vor Sachen und überdenke viel. Es fällt mir schwer für manche Dinge Motivation zu finden",3,1,4,3,4,Größe unserer Welt,"Nachdem man so ein Video gesehen hat soll man vielleicht merken dass wir nur ein sehr kleiner Teil des Universums sind und dass wenn wir Fehler machen es nicht schlimm ist
Oder
Zeigen dass es manchen Leuten viel leichter fällt über ihre Schwächen als über ihre Stärken zu erzählen ist",1,"",1,1,1,1,"",7,6,TRUE,TRUE,0.816467906977055,1.84651223481214,FALSE,FALSE,TRUE,TRUE,TRUE,3.66666666666667,1.94591014905531,1.79175946922806,1.16666666666667,0.154150679827258,2.07944154167984,1.94591014905531,1.14285714285714,0.133531392624523
176a334d,390,699,exp_old,"Ich denken meine stärken sind es: Zuzuhören, Menschen aufzumuntern und zielstrebig zu sein. Meine schwächen sind es: ungeduldig zu sein, und mich emotional schnell reinzuhängen.",4,3,4,3,7,"-Erde
-Sonnensystem
-verschiedene Sterne 
-Das die Erde kleiner ist als vieles andere im Universum ",Um das Selbstbild von uns Menschen und unsere Wahrnehmung auf die Umwelt.,1,"",1,1,1,1,"",3,2,TRUE,TRUE,-0.666197740048763,-0.200557508650007,FALSE,FALSE,TRUE,TRUE,TRUE,5,1.09861228866811,0.693147180559945,1.5,0.405465108108164,1.38629436111989,1.09861228866811,1.33333333333333,0.287682072451781
a6d0a925,390,699,control,"ich bin zuverlässig, selbstständig und empathisch. Wobei meine Empathie auch manchmal eine schwäche ist. ich kann mich in jeden hineinversetzen auch wenn mir unrecht getan wurde. ich habe schwierigkeiten nein zu sagen und bin sehr perfektionistisch. ",2,1,2,1,3,wie man eine mauer baut,ich hab wirklich absolut keine ahnung sorry,1,"",1,1,1,1,"",4,3,TRUE,TRUE,-0.295531328292308,0.311209927215528,FALSE,FALSE,TRUE,TRUE,TRUE,2.33333333333333,1.38629436111989,1.09861228866811,1.33333333333333,0.287682072451781,1.6094379124341,1.38629436111989,1.25,0.22314355131421
79bf5385,2240,1208,control,"freundlich, verantwortungsbewusst, tierlieb, grosszügig, ungeduldig, unentschlossen, zu nett und mache mehr Alls ich will, Rechtschreibung, ...",1,1,1,1,1,"-mauerbau
-werbe Video",interesse,1,"",1,1,1,5,Mac,4,5,TRUE,TRUE,-0.295531328292308,1.3347447989466,FALSE,FALSE,TRUE,TRUE,TRUE,1,1.38629436111989,1.6094379124341,0.8,-0.22314355131421,1.6094379124341,1.79175946922806,0.833333333333333,-0.182321556793955
c51565b2,1319,1081,exp_old,"Sozial, eher einfühlsam ´, ruhig, handwerklich geschickt, leichtes computer verstehen

Schlechtes Gedächtnis, hasse Konfrontation, lsr , wenig Energie",2,1,4,3,4,Größen vergleiche von unseren Planeten mit Sternen aus der Galaxy,Menschliches empfinden,1,"",1,1,1,5,iMac,5,4,TRUE,TRUE,0.0751350834641462,0.822977363081064,FALSE,FALSE,TRUE,TRUE,TRUE,3.33333333333333,1.6094379124341,1.38629436111989,1.25,0.22314355131421,1.79175946922806,1.6094379124341,1.2,0.182321556793955
510ef180,384,802,control,"Meine Stärken sind, dass ich meinem gegenüber ausmerksam zuhören kann, mir Dinge gut merken kann und diszipliniert bin. Außerdem finde ich gut Lösungen für ein Problem, was ich habe und verzweifle nicht daran.

Meine Schwächen hingegen sind, dass ich schnell wütend und gestresst werde. ",1,1,3,3,5,Wie man ein Rohr vertikal in eine Mauer einbauen kann,Um Kompetenzen und Aufmerksamkeit,1,"",1,1,1,1,"",5,2,TRUE,TRUE,0.0751350834641462,-0.200557508650007,FALSE,FALSE,TRUE,TRUE,TRUE,3,1.6094379124341,0.693147180559945,2.5,0.916290731874155,1.79175946922806,1.09861228866811,2,0.693147180559945
3e35c44c,1920,1080,exp_old,"organisiert, pünktlich, fürsorglich, gute Teamarbeit, guter Zuhörer

unordentlich, schnell emotional, Kein guter Stressumgang",5,4,7,6,7,Erdgröße im Verglich zu Planeten,zeigen wie klein & unbedeutent Sachen sein können im Großen & ganzen,1,"",1,1,1,3,"",5,3,TRUE,TRUE,0.0751350834641462,0.311209927215528,FALSE,FALSE,TRUE,TRUE,TRUE,6.33333333333333,1.6094379124341,1.09861228866811,1.66666666666667,0.510825623765991,1.79175946922806,1.38629436111989,1.5,0.405465108108164
3319389d,392,724,control,"Freude über den Verstand, die Kreativität und Logig, die Gott dem Menschen gegeben hat. Staunen über die Schönheit die mit praktischem und schützendem verbunden ist. Meine Schwäche, ich lese keine Gebrauchsanweisung und scheitere mittendrin.",7,1,7,7,7,"Mauer bauen, Anleitung, Verstärkung, Stabilität, Kreativität, Schönhei",Aufnahmefähigkeit,1,"",1,1,1,1,"",4,2,TRUE,TRUE,-0.295531328292308,-0.200557508650007,FALSE,FALSE,TRUE,TRUE,TRUE,7,1.38629436111989,0.693147180559945,2,0.693147180559945,1.6094379124341,1.09861228866811,1.66666666666667,0.510825623765991
04f41233,440,796,exp_new,"Begeisterungsfähig, Kreativität, Leidenschaftlich, Musikalisch, Humorvoll.

Undiszipliniert, leicht ablenkbar, ",5,1,7,6,7,"Wir als Planet in einem Universum, das in seiner Größe für uns gar nicht vorstellbar und greifbar ist.",Ob man dran bleibt? 😉,1,"",1,1,1,1,"",5,2,TRUE,TRUE,0.0751350834641462,-0.200557508650007,FALSE,FALSE,TRUE,TRUE,TRUE,6.33333333333333,1.6094379124341,0.693147180559945,2.5,0.916290731874155,1.79175946922806,1.09861228866811,2,0.693147180559945
be7b823b,384,652,exp_old,Meine Arbeit fertig zu bekommen. Für mich keine Zeit einzuplanen.,3,1,4,1,4,Von unserem Weltall mit den Planeten und Sonnensystem,Was die Planeten  mir bedeuten .,1,"",1,1,1,1,"",1,1,TRUE,TRUE,-1.40753056356167,-0.712324944515543,FALSE,FALSE,TRUE,TRUE,TRUE,3.66666666666667,0,0,1,0,0.693147180559945,0.693147180559945,1,0
b0fb9192,360,649,exp_old,"Meine Stärken sind Hilfsbereitschaft 
Extrovertiert bin immer für andere da
Ich kann schlecht nein sagen 
",2,3,1,3,2,Planeten,Kann ich nicht sagen,1,"",1,1,1,1,"",3,1,TRUE,TRUE,-0.666197740048763,-0.712324944515543,FALSE,FALSE,TRUE,TRUE,TRUE,1.66666666666667,1.09861228866811,0,3,1.09861228866811,1.38629436111989,0.693147180559945,2,0.693147180559945
b0b49ec6,750,304,exp_new,"Oft gelingt es mir ein Referat noch in knapper Vorbereitung gut zu halten und es macht mir Freude vor anderen vorzutragen. Ich liebe es Musik zu machen und hab von anderen schon rüchgememeldet bekommen, dass es eine Stärke ist. Ich kann mir Informationen schnell einprägen. Meine Schchen sind, dass ich manchmal andere warten lasse, dass ich in sozialen Kontexten öfter unsicher bin und Aufgaben sehr perfektionistisch erledige. ",5,6,7,1,6,"Erde, in Milchstraße in Galaxie. Ehrfurchteinflößende Größe.",Um eine Nachstudie?,1,"",1,1,1,1,"",4,3,TRUE,TRUE,-0.295531328292308,0.311209927215528,FALSE,FALSE,TRUE,TRUE,TRUE,6,1.38629436111989,1.09861228866811,1.33333333333333,0.287682072451781,1.6094379124341,1.38629436111989,1.25,0.22314355131421
506ac078,390,699,exp_old,"Zuverlässigkeit 
Kommunikationsbereit 
Kreativität 
Selbstständigkeit 
Belastbarkeit 
Verantwortungsbewusst 
Teamfähigkeit 
Lernbereitschaft 
Guter Zuhörer 
Zu perfektionistisch 
Ungeduldig 
People pleaser 
",4,3,5,2,6,"Zuerst sieht man ein Häuserkomplex auf der Erde 
Es wird herausgezoomt 
Dann werden andere Planeten gezeigt, z. B. Mars, Jupiter (als Vergleich zu Erde) 
Die Planeten werden immer größer 
Danach kommen Sterne wie die Sonne.
Anschließend werden riesige Sterne verglichen (im Vergleich zu Erde)","Vielleicht um Perspektive?  Das Universum zeigt, wie klein wir sind, danach richtet man auch den Blick auf das eigene Leben und die eigene Rolle in der Gesellschaft",1,"",1,1,1,1,"",9,3,TRUE,TRUE,1.55780073048996,0.311209927215528,FALSE,FALSE,TRUE,TRUE,TRUE,5,2.19722457733622,1.09861228866811,3,1.09861228866811,2.30258509299405,1.38629436111989,2.5,0.916290731874155
c3b754d2,2240,1170,exp_old,"Ehrlich, Ruhig, zurückhaltend

gibt zu leicht nach, ",1,1,1,1,1,Vergleiche von den Größenunterschieden der einzeln Planten,Größe der Erde,1,"",1,1,1,5,I Mac,3,1,TRUE,TRUE,-0.666197740048763,-0.712324944515543,FALSE,FALSE,TRUE,TRUE,TRUE,1,1.09861228866811,0,3,1.09861228866811,1.38629436111989,0.693147180559945,2,0.693147180559945
bc858239,1272,635,exp_old,"Ich bin gut darin, einmal gefasste Pläne tatsächlich umzusetzen. Dazu habe ich ausreichend Selbstvertrauen, um Neues zu lernen und Unsicherheit auszuhalten. Ich bin aufrichtig und ehrlich und offen für neue Erfahrungen, Perspektiven und Eindrücke. Ich arbeite kreativ und bin begeisterungsfähig. Allerdings bin ich nicht besonders resilient, gerate schnell in Stress, rege mich auf oder werde traurig. Ich bin zu perfektionistisch mit arbeiten und habe ein schlechtes Gefühl dafür, wann ich aufhören muss, um mir selbst nicht zu schaden. Ich werde zu leicht wütend und kann keine Grenzen setzen. ",5,2,6,7,7,"Die Größendimensionen, in denen die Erde und andere Planeten zu einander stehen. ","Ob sich die Extreme, in der wir eigene Stärken und schwächen empfinden, daran relativiert, sich bewusst zu machen, wie klein wir im Universum sind. ",1,"",2,1,1,3,"",9,8,TRUE,TRUE,1.55780073048996,2.87004710654321,FALSE,FALSE,FALSE,TRUE,TRUE,6,2.19722457733622,2.07944154167984,1.125,0.117783035656383,2.30258509299405,2.19722457733622,1.11111111111111,0.105360515657826
baa204f0,390,655,exp_new,"Stärken:
- hilfsbereit 
- aufrichtig 
- kann mich durchsetzen
- guter Zuhörer

Schwächen: 
- nachtragend
- overthinking 
- stemple Leute schnell ab
- sollte mutiger sein",7,2,7,5,7,"- die Größe des Universums
- Vergleich wie klein wir sind zu wie groß wir denken dass unsere Probleme sind 
- Relation Erde Sonne andere Sterne in der Galaxie und andere Galaxien","Vielleicht als wie wichtig sich die Leute selbst und andere betrachten bzw wie das Video auf Personen mit unterschiedlichem Selbstbild wirkt, dass ängstliche Personen zB ehrfurchtsvoller sind",1,"",1,1,1,1,"",4,4,TRUE,TRUE,-0.295531328292308,0.822977363081064,FALSE,FALSE,TRUE,TRUE,TRUE,7,1.38629436111989,1.38629436111989,1,0,1.6094379124341,1.6094379124341,1,0
3924764d,384,661,exp_new,"Gut zuhören
Oft keine Geduldoft nicht kompromisbereit",7,1,6,5,6,Weltall,Wissenschaft,1,"",1,1,1,1,"",1,2,TRUE,TRUE,-1.40753056356167,-0.200557508650007,FALSE,FALSE,TRUE,TRUE,TRUE,6.33333333333333,0,0.693147180559945,0.5,-0.693147180559945,0.693147180559945,1.09861228866811,0.666666666666667,-0.405465108108164
ec9a34f0,1194,665,exp_old,Anpassungsfähig und stets zuverlässig ohne Bedingungen,3,3,6,6,5,"Über das Universum, d","Um zu sehen, wie die emotionalen reaktionen einer person sind",1,"",1,1,1,2,"",2,0,TRUE,TRUE,-1.03686415180522,-1.22409238038108,FALSE,TRUE,TRUE,TRUE,TRUE,4.66666666666667,0.693147180559945,-Inf,Inf,Inf,1.09861228866811,0,3,1.09861228866811
ad47ab8e,384,678,exp_new,"Zu meinen Stärken zählen Pünktlichkeit, Hilfsbereitschaft, Empathie, Ehrgeiz, Zielstrebigkeit und Disziplin.

Zu meinen Schwächen zählen, dass ich wenig Geduld habe und dass ich Verantwortung ungern abgebe, weil ich denke, dass das Ergebnis dann nicht so wird wie ich es mir wünschen würde. Dies liegt auch ein wenig an meinem Perfektionismus, wobei ich denke, dass Perfektionismus nicht immer unbedingt negativ sein muss. In meinem Fall aber meist schon, da ich mir einige Zeit und Stress ersparen würde, wenn ich nicht so perfektionistisch wäre",3,1,5,4,5,"- Von der Erde immer kleiner werdend in Richtung Weltall
- Die Milchstraße und Sterne wurden gezeigt
- Man tauchte immer tiefer ins Weltall","Schwer zu sagen. Möglicherweise:
- Aufmerksamkeit testen
- Wie wirkt sich gesehenes, z.B. als Video auf unsere Emotionen aus? Was können wir währenddessen fühlen? Können wir unsere Stärken und Schwächen besser benennen, wenn wir wissen, dass wir nur einen winzigen Bruchteil im ganzen Universum ausmachen?",1,"",1,1,1,1,"",6,3,TRUE,TRUE,0.445801495220601,0.311209927215528,FALSE,FALSE,TRUE,TRUE,TRUE,4.33333333333333,1.79175946922806,1.09861228866811,2,0.693147180559945,1.94591014905531,1.38629436111989,1.75,0.559615787935423
2e46c856,1319,1043,exp_new,"Zuverlässig, Fleißig, Pflichtbewusst,  Ausdauernd, lebensfroh, 

übernimmt mich leicht, kraft schlecht einteilen, tue mich schwer verbal zu wehren ",1,1,7,6,7,"Große Wiesen in der Stadt, - immer weiter weg ins All, Satelliten, Sterne, große Helligkeit",Nein,1,"",1,1,1,5,IMAC,5,3,TRUE,TRUE,0.0751350834641462,0.311209927215528,FALSE,FALSE,TRUE,TRUE,TRUE,5,1.6094379124341,1.09861228866811,1.66666666666667,0.510825623765991,1.79175946922806,1.38629436111989,1.5,0.405465108108164
8b25e2f6,384,659,exp_old,"Empathie, Mut, Selbstvertrauen, Optimismus",5,1,5,5,6,"Universum
Erde als Teil des Universums","Kosmische Perspektive 
Overview effect",1,"",1,1,1,1,"",4,0,TRUE,TRUE,-0.295531328292308,-1.22409238038108,FALSE,TRUE,TRUE,TRUE,TRUE,5.33333333333333,1.38629436111989,-Inf,Inf,Inf,1.6094379124341,0,5,1.6094379124341
5407c7a4,414,750,exp_old,"Meine Stärken sind, dass ich mein Wort halte, dass ich sportlich bin, dass ich ehrlich bin , dass ich geduldig bin und anderen gut zuhören kann andere motiviere und immer versuche mein Bestes zu geben 

Meine Schwächen sind Pünktlichkeit, Faulheit teilweise etwas schüchtern, Rechtschreibung und Ernsthaftigkeit ",6,5,5,4,6,"Es handelt von unserem Universum 
-Die Erde ist kleiner als man denkt 
-Es gibt so viel mehr ","-Darum das kleine dinge, großen Einfluss haben können oder vielleicht, dass es immer etwas größeres gibt bzw. jemanden gibt der besser ist. Oder das man sich nicht immer so Stress machen soll, weil es eh nicht wirklich wichtig ist, und man sich trauen soll die Dinge zu tun an denen man zweifelt oder vor denen man Angst hat ",1,"",1,1,1,1,"",7,5,TRUE,TRUE,0.816467906977055,1.3347447989466,FALSE,FALSE,TRUE,TRUE,TRUE,5.66666666666667,1.94591014905531,1.6094379124341,1.4,0.336472236621213,2.07944154167984,1.79175946922806,1.33333333333333,0.287682072451781
da67dbb9,1536,791,control,"Ich bin eine geduldige Person, wenn nicht sogar eine sehr geduldige Person. Außerdem bin ich kreativ, dass kann zum einen im künstlerischen Bereich ausdruckt werden aber auch in der Problemlösefähigkeit. Im Arbeitstechnischen Kontext würde ich sagen, bin ich auch eine gute Zuhörerin und kann empathisch auf andere Personen eingehen. 

Manchmal bin ich etwas langsam, daher ist Pünktlichkeit nicht meine größte Stärke. ",1,1,4,6,7,"Aufbau einer Mauer
Festigungsmaßnahmen, zum sicheren Bau der Mauer
weibliche Person hat die Mauer gebaut sowie die Stimme gesprochen.","Ich habe keine Ahnung. 

Wahrscheinlich um Stärken und Schwächen und wie die Protagonistin mein Denken beeinflusst?",1,"",1,1,1,3,"",5,1,TRUE,TRUE,0.0751350834641462,-0.712324944515543,FALSE,FALSE,TRUE,TRUE,TRUE,4,1.6094379124341,0,5,1.6094379124341,1.79175946922806,0.693147180559945,3,1.09861228866811
fb6011f4,402,714,exp_new,"Stärken: - empathisch
-neugierig 
-liebevoll
- nett
- kontaktfreudig

Schwächen:
- oft traurig
- energielos
- faul
",1,1,1,1,1,Erde und die Galaxie,Keine Ahnung 😅,1,"",1,1,1,1,"",5,3,TRUE,TRUE,0.0751350834641462,0.311209927215528,FALSE,FALSE,TRUE,TRUE,TRUE,1,1.6094379124341,1.09861228866811,1.66666666666667,0.510825623765991,1.79175946922806,1.38629436111989,1.5,0.405465108108164
ad38938c,393,695,exp_new,"Ich würde sagen, zu meinen Stärken gehört, dass ich gut organisiert bin. Meistens habe ich einen plan und wenn alles klappt, halte ich mich an diesen auch. 
Meine Größte Schwäche ist wahrscheinlich, dass ich, wenn ich gestresst bin, ziemlich oft sehr gereizt bin und dann lasse ich meine schlechte Laune manchmal an anderen aus.",4,1,6,4,5,"- das video startet auf einem kleinen Feld 
- dieser ausschnitt wird kurz gezeigt, bevor das ganze immer weiter rauszuzoomen bis zur galaxy ",Vielleicht wie gut man sich das geschaute merken kann und wie der ton das ganze beeinflusst,1,"",1,1,1,1,"",3,2,TRUE,TRUE,-0.666197740048763,-0.200557508650007,FALSE,FALSE,TRUE,TRUE,TRUE,5,1.09861228866811,0.693147180559945,1.5,0.405465108108164,1.38629436111989,1.09861228866811,1.33333333333333,0.287682072451781
71957a55,411,784,control,"Meine Stärken liegen in Strukturierung meiner Arbeit, sowie einer hohen Detailgenauigkeit der Umsetzung.
Es fällt mir leicht mich schnell in neue Themen einzuarbeiten und dafür begeistern zu lassen.
Die Schattenseiten dieser stärken sind ein innere Suche nach neuen Aufgaben und die Bewältigung des Zeitmanagements.",3,1,1,1,1,"Bauhaus Produktwerbung?
Mauersystem welches über Metall Stangen stabilisiert und mit einem Klebemix fixiert wird.","Wie sich die Sabotage der Aufmerksamkeitsspanne die Selbsteinschätzung beeinflusst.

Zeitgefühl, da das Video die selbe Dauer wie die Textaufgabe hatte. Beide fühlten sich endlos an, nur bei der Textaufgabe kam das Gefühl von fehlender Zeit auf während des videos man sich wünschte vorspulen zu können",1,"",1,1,1,1,"",4,2,TRUE,TRUE,-0.295531328292308,-0.200557508650007,FALSE,FALSE,TRUE,TRUE,TRUE,1.66666666666667,1.38629436111989,0.693147180559945,2,0.693147180559945,1.6094379124341,1.09861228866811,1.66666666666667,0.510825623765991
7af539b8,378,674,control,"Meine Stärken finden sich unteranderem im logischen Denken. Weiterhin fällt es mir leicht Sachen zu analysieren und diese auch anzuwenden, sowie Argumente in Debatten aufzustellen. Schwächen sind Aufmerksamkeit und sofortige Aufnahme von Informationen. Mir fällt es schwer Sachen direkt aufzunehmen ohne darüber nochmal nachzudenken. ",1,1,2,1,3,"Es handelt um die Stabilisierung von Mauern. 

Unternaderm kann dies durch die Form der Mauern erreicht werden oder durch andere Methoden. 

Zum Beispiel durch das Einfügen eines Metallstabes.",Inwiefern Selbsteinschätzung durch bewusstes Teilnehmen an einer Studie in Verbindung mit Zeitdruck etc. Beeinflusst werde kann.,1,"",1,1,1,1,"",4,2,TRUE,TRUE,-0.295531328292308,-0.200557508650007,FALSE,FALSE,TRUE,TRUE,TRUE,2,1.38629436111989,0.693147180559945,2,0.693147180559945,1.6094379124341,1.09861228866811,1.66666666666667,0.510825623765991
5f67d2b4,390,645,exp_new,"Ich bin einfühlsamer Mensch, der sich sehr um das Wohl seiner Mitmenschen kümmert. Ich verstehe Zusammenhänge sehr schnell und kann mich für etwas, was mich sehr interessiert auch sehr schnell begeistern. Dann mache ich dies auch gewissenhaft und fokussiert. Ich bin freundlich und lächel viel und versuche immer an mir zu arbeiten. Ich habe Durchhaltevermögen. Meine Schwächen sind, dass ich zu Perfektionismus leide, was mich  prokrastinieren lässt. Außerdem nehme ich mir Dinge durch meine Einfühlsamkeit oft zu persönlich und reagiere sehr sensibel.",1,1,1,1,1,"Daran, wie unbedeutend der Mensch und die Erde im gesamten Universum ist.",Keine Ahnung,1,"",1,1,1,1,"",10,3,TRUE,TRUE,1.92846714224642,0.311209927215528,FALSE,FALSE,TRUE,TRUE,TRUE,1,2.30258509299405,1.09861228866811,3.33333333333333,1.20397280432594,2.39789527279837,1.38629436111989,2.75,1.01160091167848
0202d8be,411,712,control,"Ich bin offen gegenüber neuen Personen und Erfahrungen. Ich kann gut zuhören. Ich bin freundlich, hilfsbereit und loyal.
Ich bin ungeduldig und schnell genervt, wenn andere Personen nicht aufpassen und mir dadurch im Weg sind/mich behindern. ",2,1,2,2,3,"Aufbau von Steinmauern
Wie man für Stabilität in Mauern sorgt (Rohre, Kleber, Verzahnung)
Variationen in Mauern in Höhe, Kurven, Material","Aufmerksamkeitsspanne und Konzentrationsfähigkeit von Teilnehmern
Geduld von Probanden",1,"",1,1,1,1,"",6,2,TRUE,TRUE,0.445801495220601,-0.200557508650007,FALSE,FALSE,TRUE,TRUE,TRUE,2.33333333333333,1.79175946922806,0.693147180559945,3,1.09861228866811,1.94591014905531,1.09861228866811,2.33333333333333,0.847297860387204
5aa9e309,402,714,exp_new,"Stärken: 
- Zuverlässig 
- Ehrgeizig 
- Empathie
- Organisiert 

Schwächen: 
- perfektionistisch 
- Selbstbewusstsein 
- Mit Kritik umgehen ",1,1,4,3,5,"- ein Ort wurde immer weiter rausgezoomt
- Man hat den Planeten Erde gesehen und das Universum, andere Sterne und Planeten ","Welche Emotionen Menschen dabei haben, zu sehen, wie „klein“ man auf der Erde und im gesamten Sonnensystem eigentlich ist  ",1,"",1,1,1,1,"",4,3,TRUE,TRUE,-0.295531328292308,0.311209927215528,FALSE,FALSE,TRUE,TRUE,TRUE,3.33333333333333,1.38629436111989,1.09861228866811,1.33333333333333,0.287682072451781,1.6094379124341,1.38629436111989,1.25,0.22314355131421
a0315e6d,384,637,exp_new,"Ich habe ein gutes Organisationstalent und bin sehr strukturiert, besonders liebe ich meine ToDo Listen. Wenn diese abgearbeitet  sind ist es ein Gefühl der Zufriedenheit. Mit der Stärke geht aber auch die Schwäche einher. Ich muss alles fertig bekommen, andernfalls bin ich sehr unzufrieden mit meiner Leistung. Gilt beides sowohl für den Beruf als auch privat.",5,2,6,4,6,"Von der Erde, der Atmosphäre, unserer Galaxie, dem unendlichen Universum","Von Unendlichkeit, große Probleme wirken klein, ein einziger ist Teil von etwas Ganzem und Großen, um Forschung und unstillbare menschliche Neugier",1,"",1,1,1,1,"",2,1,TRUE,TRUE,-1.03686415180522,-0.712324944515543,FALSE,FALSE,TRUE,TRUE,TRUE,5.66666666666667,0.693147180559945,0,2,0.693147180559945,1.09861228866811,0.693147180559945,1.5,0.405465108108164
8a9402d1,393,695,exp_old,"Empathisch
Zugewandt
Ehrlich
",4,1,6,3,6,Von verschiedenen Planeten und deren Größe im Vergleich zur Erde.,Es ging darum welche Planeten es gibt und wie groß diese im Vergleich zur Erde sind.,1,"",1,1,1,1,"",3,0,TRUE,TRUE,-0.666197740048763,-1.22409238038108,FALSE,TRUE,TRUE,TRUE,TRUE,5.33333333333333,1.09861228866811,-Inf,Inf,Inf,1.38629436111989,0,4,1.38629436111989
dc771732,414,714,exp_old,"sozil
aufgeschlossen
ehrgeizig 

",3,2,5,1,3,Verschiedene Planeten,Entdeckung weiterer Planeten,1,"",1,1,1,1,"",3,0,TRUE,TRUE,-0.666197740048763,-1.22409238038108,FALSE,TRUE,TRUE,TRUE,TRUE,3.66666666666667,1.09861228866811,-Inf,Inf,Inf,1.38629436111989,0,4,1.38629436111989
625791ea,750,334,exp_old,"Zuhören können; Empathie zeigen: das würde ich als Stärke bezeichnen. 
Eine Schwäche ist allerdings, mein eigenes Können und meine Fähigkeiten als solche nicht benennen zu können. Selbstkritik und Selbstzweifel sind meine Schwächen. ",7,1,4,1,5,"Dimensionen
Verhältnis und Relation
Raum und Zeit
","Wer wir sind und was es außer uns Menschen noch gibt. Persönlichkeit und Individualität des Einzelnen. Alltags“Probleme“, die wir als schwerwiegende Themen und existenziell schwer empfinden.",1,"",1,1,1,1,"",2,3,TRUE,TRUE,-1.03686415180522,0.311209927215528,FALSE,FALSE,TRUE,TRUE,TRUE,5.33333333333333,0.693147180559945,1.09861228866811,0.666666666666667,-0.405465108108164,1.09861228866811,1.38629436111989,0.75,-0.287682072451781
9a4faac5,375,634,exp_new,"Meine Stärken sind, dass ich mich zeitlich selbst koordinieren kann und mich darauf verlassen kann eine Leistung zu erbringen auch wenn der Weg bis dahin schwer wird.
Meine Stärken sind, dass ich anderen gut zuhören kann und auch zumindest einigermaßen gute Ratschläge geben. 
Meine Stärken sind dass ich ein wundervolles Umfeld habe, das mich immer unterstützt und mir ein sicheres netzt bietet. ",5,1,3,5,4,Kleiner Ausschnitt der Erde wird heruasgezoomt bis man unsere Milchstraße und viele weitere Galaxien sehen kann,"Ich kann mir vorstellen dass das Video darum geht, wie sich Menschen aus einer differenzierten Vogelperspektive sehen und vielleicht wie es sich auf die Beschreibung der eigenen Person Auswirkt, wenn man durch das Video diese Perspektive und das Gefühl bekommt ein Teil von etwas größerem zu sein",1,"",1,1,1,1,"",5,0,TRUE,TRUE,0.0751350834641462,-1.22409238038108,FALSE,TRUE,TRUE,TRUE,TRUE,4,1.6094379124341,-Inf,Inf,Inf,1.79175946922806,0,6,1.79175946922806
846586be,384,652,exp_new,"Stärken: Kreativität, Eloquenz, Problemlösefähigkeit, Offenheit, Neugierde, schnelle Auffassungsgabe, Lern- und Leistungsbereitschaft

Schwächen: Perfektionismus, Selbstkritik, Inflexibilität, fehlende Spontanität",7,5,5,1,5,Herauszoomen in immer größere Verhältnisse: Gebäude - Erde - Sonnensystem - Galaxie etc. mit Musikuntermalung,Untersuchung des Effekts von Awe auf die Selbsteinschätzung,1,"",1,1,1,1,"",8,4,TRUE,TRUE,1.18713431873351,0.822977363081064,FALSE,FALSE,TRUE,TRUE,TRUE,5.66666666666667,2.07944154167984,1.38629436111989,2,0.693147180559945,2.19722457733622,1.6094379124341,1.8,0.587786664902119
c8b78aef,1294,903,exp_old,"Ich bin in der Regel sehr empathisch mit meinen Mitmenschen und anderen Lebewesen, habe eine relative gute Auffassungsgabe und bin eig ziemlich humorvoll.
Auf der anderen Seite kann ich negatives Feedback oft nicht sofort akzeptieren und brauche meist etwas Zeit um dieses zu verarbeiten, zudem bin ich manchmal etwas starr in schon gefestigten Verhaltenswegen.",5,2,4,3,5,"Größenverhältnisse zwischen Planeten/Sternen etc
Verdeutlichung, wie klein die Erde im Universum ist und wir auf ihr","evtl darum, ob Menschen ihre Stärken und Schwächen je nach Video anders beschreiben/auswählen",1,"",1,1,1,3,"",4,3,TRUE,TRUE,-0.295531328292308,0.311209927215528,FALSE,FALSE,TRUE,TRUE,TRUE,4.66666666666667,1.38629436111989,1.09861228866811,1.33333333333333,0.287682072451781,1.6094379124341,1.38629436111989,1.25,0.22314355131421
88e60194,411,736,control,"Meine Stärken: gut zuhören, mich um andere kümmern, Kommunikativ, 
Meine Schwächen: zu wenig für mich machen.",3,1,2,4,5,Viele Mauern und wie diese befestigt werden.,Keine Ahnung.,1,"",2,1,1,1,"",3,1,TRUE,TRUE,-0.666197740048763,-0.712324944515543,FALSE,FALSE,FALSE,TRUE,TRUE,3.33333333333333,1.09861228866811,0,3,1.09861228866811,1.38629436111989,0.693147180559945,2,0.693147180559945
12b1e666,411,752,exp_old,"Meine Stärken sind Teamfähigkeit, zuverlässig Treue Ehrlichkeit
Meine Schwächen schnell impulsiv und dann manchmal ungerecht",7,2,6,7,7,Un unser planetensystem,Um planeten,1,"",1,1,1,1,"",4,1,TRUE,TRUE,-0.295531328292308,-0.712324944515543,FALSE,FALSE,TRUE,TRUE,TRUE,6.66666666666667,1.38629436111989,0,4,1.38629436111989,1.6094379124341,0.693147180559945,2.5,0.916290731874155
704f51f7,402,684,exp_new,"Eine meiner größten stärke würde ich sagen ist meine Empathie. Ich kann mich sehr gut in die gefühlswelt von anderen hineinversetzen, und nachvollziehen was sie gerade denken oder fühlen. Dadurch kann ich gut für andere da sein und wirke vertrauenswürdig. Eine meine Schwächen würde ich sagen ist mein Perfektionismus, ich kann mich schlecht mit Niederlagen zurechtfinden und muss immer unbedingt die beste sein ",5,1,6,5,6,"Von einer Ansicht ausgehen von unserer Erde bis hin zu anderen Galaxien 
So ein Zoom out ",Vielleicht ob die induzierte Emotion etwas mit meinen Stärken und Schwächen zu tun hat,1,"",1,1,1,1,"",4,3,TRUE,TRUE,-0.295531328292308,0.311209927215528,FALSE,FALSE,TRUE,TRUE,TRUE,5.66666666666667,1.38629436111989,1.09861228866811,1.33333333333333,0.287682072451781,1.6094379124341,1.38629436111989,1.25,0.22314355131421
2d492a1e,1366,599,control,"Meine Stärken sind: schnelles erfassen einer Gesamtsituation in Gruppen ,Verantwortungsgefühl und Bereitschaft diese zu übernehmen, Kreativität und Ausdauer
Meine Schwäche ist Ungeduld und dass ich mich schnell ärgere",1,1,2,1,2,"es handelte von praktischen Tipps, wie man eine stabile Mauer (zb im Garten) bauen kann.verwendet man Bausteine mit Löchern,  kann die Mauer durch Einführen von Metallstangen in diese Löcher verstärkt werden. Ausserdem geben Rundungen blockartige Türmchen und ähnliches zusätzliche Stabilität. Oben wird mit Endplatten abgeschlossen, die verklebt werden können.","Die Aufmerksamkeitsspanne der Testperson beim Betrachten  eines ziemlich schlecht gemachten ,langweiligen Videos  nachzuvollziehen?
Die Menschheit zum Bauen von mehr Mauern zu animieren?

",1,"",1,1,1,3,"",5,2,TRUE,TRUE,0.0751350834641462,-0.200557508650007,FALSE,FALSE,TRUE,TRUE,TRUE,1.66666666666667,1.6094379124341,0.693147180559945,2.5,0.916290731874155,1.79175946922806,1.09861228866811,2,0.693147180559945
1b22d5b0,411,774,exp_old,"Staerke:
Aufmerksam
Zuverlaessig
Konsistent
Resilient
Hat Werte

Schwaeche
Pleasing
Schwaches Gedaechtnis 
",4,1,6,5,7,"Universe ist gross
Wir sind klein",Alles ist relativ,1,"",1,1,1,1,"",5,2,TRUE,TRUE,0.0751350834641462,-0.200557508650007,FALSE,FALSE,TRUE,TRUE,TRUE,5.66666666666667,1.6094379124341,0.693147180559945,2.5,0.916290731874155,1.79175946922806,1.09861228866811,2,0.693147180559945
7fcb532c,390,699,control,"Pünktlichkeit
Empathie 
Gutmütigkeit
Hilfsbereitschaft


Selbstzweifel
Perfektionismus
Disziplinlosigkeit
",1,1,1,1,1,"Mauerbau, Stabilität",Wie kann ich meine Stärken besser verankern,1,"",1,1,1,1,"",4,3,TRUE,TRUE,-0.295531328292308,0.311209927215528,FALSE,FALSE,TRUE,TRUE,TRUE,1,1.38629436111989,1.09861228866811,1.33333333333333,0.287682072451781,1.6094379124341,1.38629436111989,1.25,0.22314355131421
7d301c40,393,695,control,"Stärken:
- offen
- freundlich und respektvoll
- empathisch
- motiviert
- aufrichtig

Schwächen:
- Bedürfnis, immer helfen zu müssen
- hinterfrage mich selbst oft und reflektiere ein Stück zu viel
- in gewissen Themen etwas faul",2,1,3,2,2,Mauerverstärkung mit Metallrohr,keine Idee,1,"",1,1,1,1,"",6,4,TRUE,TRUE,0.445801495220601,0.822977363081064,FALSE,FALSE,TRUE,TRUE,TRUE,2.33333333333333,1.79175946922806,1.38629436111989,1.5,0.405465108108164,1.94591014905531,1.6094379124341,1.4,0.336472236621213
596d02ef,1180,724,control,"Empathie, sozial sein, kontakte pflegen, 
Sorgfältig ordentlich, planend, sportlich locker entspannt 

Overthinker, nicht genug diszipliniert 
Teilweise faul 
",1,1,3,4,3,"Von einem Video, dass mir erklärt wie man Mauern stabil  baut ",Puhh schwer vielleicht um meine Aufmerksamkeitspanne?,1,"",1,1,1,2,"",8,3,TRUE,TRUE,1.18713431873351,0.311209927215528,FALSE,FALSE,TRUE,TRUE,TRUE,2.33333333333333,2.07944154167984,1.09861228866811,2.66666666666667,0.980829253011726,2.19722457733622,1.38629436111989,2.25,0.810930216216329
5ad7dff7,1440,810,exp_new,"Ich bin vor allem gut darin, große Informationsmengen zu erfassen und zu verarbeiten. Außerdem bin ich diszipliniert, analytisch und ganzheitlich denkend und meinen engsten Mitmenschen gegenüber sehr zuwendungsfreudig.
Zu meinen Schwächen zählen vor allem das schnelle denken, sowie strukturiertes Lösen komplexer Aufgaben und kreativer Ausdruck.",2,1,4,6,6,Relativierung von Größenverhältnissen im Universum,"Selbsteinschätzung in einem größeren, relativierenderen Kontext (wir sind klein auf der Erde und das Universum ist so gigantisch groß). Scheinbar aber nur ein Teil der Studie (weil ist ja kein Vergleich von Selbstienschätzung ohne gesehenes Video), sondern Verknüpfung mit anderer Art von Selbstbilduntersuchung (vielleicht Text von jemand anderem lesen als Einsteig, dann selbiges wiederholen und auf Auswirkung schauen).",1,"",1,1,1,3,"",6,3,TRUE,TRUE,0.445801495220601,0.311209927215528,FALSE,FALSE,TRUE,TRUE,TRUE,4,1.79175946922806,1.09861228866811,2,0.693147180559945,1.94591014905531,1.38629436111989,1.75,0.559615787935423
0de45120,390,699,control,"Ich kannn viel in kurzer Zeit lernen, lass mich nicht Stressen und bin insgesamt sehr sozial. Aber ich brauche oft Wiederholung um Fakten gut abrufen zu können. Ich bin auch etwas tollpatschig",1,1,3,2,2,"- Konstruktion von Mauern
- Stabilität durch Bauen von Ecken und Kurven 
- Stabilität durch Einbauen von Keilen in den Boden und eine Anleitung um dies zu tun",Informationen abrufen,1,"",1,2,1,1,"",3,2,TRUE,TRUE,-0.666197740048763,-0.200557508650007,FALSE,FALSE,TRUE,TRUE,FALSE,2,1.09861228866811,0.693147180559945,1.5,0.405465108108164,1.38629436111989,1.09861228866811,1.33333333333333,0.287682072451781
aa38d3c8,393,695,exp_new,"Stärken:
Empathie, Geduld, Sprachbegabung, Fokussierung, 

Schwächen:
Mathematik, Anführen/ Leiten, ",3,1,3,3,6,"Unendlichkeit
Universum
Galaxien
Sterne 
Erde

",(Wie) Beeinflusst der Gedanke an die eigene Unwichtigkeit im unendlichen Universum die Selbsteinschätzung?,1,"",1,1,1,1,"",4,2,TRUE,TRUE,-0.295531328292308,-0.200557508650007,FALSE,FALSE,TRUE,TRUE,TRUE,4,1.38629436111989,0.693147180559945,2,0.693147180559945,1.6094379124341,1.09861228866811,1.66666666666667,0.510825623765991
7d846145,1366,905,exp_old,"Meine stärken liegen darin, schnell muster zu erkennen und logische konstrukte bzw. Systeme von abhängigkeiten zu visualisieren. Ich erkenne in sozialen situationen schnell affekte und emotionale zustände von bestimmten personen. Eine meiner schwächen liegt darin, gedanken und intentionen so zu formulieren, dass sie bei anderen menschen auch richtig ankommen.",3,1,6,4,6,Größenverhältnisse von unserem lebensraum auf menschlicher größe bis zu den größten bekannten sternen,"Einfluss von sensorischem input, der emotionen wie demut oder erfurcht auslöst, auf irgendeine kognitive fähigkeit, mitteilungsqualität oder so.",1,"",1,1,1,2,"",3,2,TRUE,TRUE,-0.666197740048763,-0.200557508650007,FALSE,FALSE,TRUE,TRUE,TRUE,5,1.09861228866811,0.693147180559945,1.5,0.405465108108164,1.38629436111989,1.09861228866811,1.33333333333333,0.287682072451781
b5e1a812,384,678,control,"Ich bringe Menschen zusammen, habe ein gutes Feeling, wie man kommunikativ gewinnen agiert.
Ich kann gut zuhören und Kriseninterventionen machen. 
Ich habe viele praktische Fähigkeiten, kann andere begeistern. 
Leider verzettle ich mich manchmal und mache mir unnötig Stress, weil ich mir zu viel vornehme.
Manchmal agieren ich zu emotional.",1,1,2,1,2,Wiean Mauern stabil bauen kann,Aufmerksamkeitslevelidgendwas im Hintergrund,1,"",1,1,1,1,"",6,3,TRUE,TRUE,0.445801495220601,0.311209927215528,FALSE,FALSE,TRUE,TRUE,TRUE,1.66666666666667,1.79175946922806,1.09861228866811,2,0.693147180559945,1.94591014905531,1.38629436111989,1.75,0.559615787935423
672802d9,747,279,control,"Ich bin empathisch 
Ich kann mich gut in neue Aufgaben und unbekannte Themen eindenken.
Ich habe keine Angst vor Konflikten 
Komplizierte Dinge einfach ausdrücken 

Mir fällt Kontakt zu anderen Menschen eher schwer.
Führung übernehmen und andere mitnehmen ist schwierig ",2,2,2,6,6,"Mauerbau mit Fertigelementen.
Anleitung zur Stabilisierung der Einzelelemente ",Wie wirkt sich eine erst kompliziert erscheinende Anleitung auf die Selbsteinschätzung aus?,1,"",1,1,1,1,"",5,3,TRUE,TRUE,0.0751350834641462,0.311209927215528,FALSE,FALSE,TRUE,TRUE,TRUE,3.33333333333333,1.6094379124341,1.09861228866811,1.66666666666667,0.510825623765991,1.79175946922806,1.38629436111989,1.5,0.405465108108164
fe6bdaca,390,645,exp_new,"Ich bin sehr einfühlsam und offen und gehe auf jeden menschen ein. Ich bin freundlich und kreativ und kann stark meine meinung vertreten, wobei ich aber nicht auf füße trete. ich versuche bei allem mein bestes zu geben, jedoch reicht mir manchmal nicht die motivation. ich bin vergesslich und und manchmal werd ich schnell emotional, was auch eigentlich was schönes ist. ich kann mich nicht gut konzentrieren obwohl ich musste. ",3,4,5,2,4,"die größe des universums, eine art der unendlichkeit ",die wahrnehmung von etwas unendlichen und wie es auf einen einwirkt,1,"",1,2,1,1,"",9,4,TRUE,TRUE,1.55780073048996,0.822977363081064,FALSE,FALSE,TRUE,TRUE,FALSE,4,2.19722457733622,1.38629436111989,2.25,0.810930216216329,2.30258509299405,1.6094379124341,2,0.693147180559945
9e35b4b2,384,801,exp_old,"Emotionale Kommunikation, Kommunikation, Problemlösung, Empathie, Priorisierung, interessiert an allen, Negativ: manchmal zu emotional, zu beschäftigt, overthinker, Burnout-inducing arbeitsmoral, unsicher",2,1,5,2,5,"Darstellung von Planeten, Vergleich von Größen, Hauch von Philosophischer Wertvorstellung, provozierte Emotionalität durch epische Musik. ","Non-signifikanz menschlichen Lebens im Kontext,Staunen",1,"",1,1,1,1,"",6,5,TRUE,TRUE,0.445801495220601,1.3347447989466,FALSE,FALSE,TRUE,TRUE,TRUE,4,1.79175946922806,1.6094379124341,1.2,0.182321556793955,1.94591014905531,1.79175946922806,1.16666666666667,0.154150679827258
0c3fae30,695,273,control,"Ich bin zuverlässig und man kann sich immer auf mich verlassen, wenn man mich um etwas bittet.
Außerdem komme ich gut mit den meisten Menschen klar und kann mich gut in sie hineinversetzen.",2,5,1,2,2,"Wie man mithilfe von Hilfs-Stangen stabile Mauern bauen kann.

",Ich checke nicht worum es geht.,1,"",1,1,1,1,"",4,0,TRUE,TRUE,-0.295531328292308,-1.22409238038108,FALSE,TRUE,TRUE,TRUE,TRUE,1.66666666666667,1.38629436111989,-Inf,Inf,Inf,1.6094379124341,0,5,1.6094379124341
2e887444,1536,695,exp_old,"Stärken:
- ruhig bleiben, auch in konfliktgeladenen/stressigen Situationen
- reflektierter Umgang mit anderen
- zielstrebig
- ausdauernd dabei, auf etwas hinzuarbeiten
- leistungsfähig
- anpassungsfähig

Schwächen:
- Dinge in mich hineinfressen, lieber Ungerechtigkeit/Stress ertragen, als eine Konsequenz zu ziehen
- Grübeln
- über körperliche Belastbarkeit arbeiten, trotz Stress/Krankheit arbeiten",5,1,5,7,6,"- Größenvergleich von Planeten/Sternen
- Sonnensystem, dann darüber hinaus zu anderen Sternen
- vom kleinsten (Erdenmond) zum größten Stern","Einfluss von Emotionen (wie z. B. Freude und Faszination) auf Selbsteinschätzung als Prime, sodass mehr Stärken als Schwächen in den Vordergrund treten",1,"",1,1,1,3,"",6,5,TRUE,TRUE,0.445801495220601,1.3347447989466,FALSE,FALSE,TRUE,TRUE,TRUE,5.33333333333333,1.79175946922806,1.6094379124341,1.2,0.182321556793955,1.94591014905531,1.79175946922806,1.16666666666667,0.154150679827258
f76e89e3,390,699,control,"Meine Stärken sind analytisches Denken, verstehen von komplexen technischen Zusammenhängen und Problemen. Außerdem kann ich anderen meine Überlegungen zu diesen Problemen und Lösungsansätzen darlegen und argumentieren. 
Meine Schwächen finden sich darin dass ich mich übermäßig selbstbewusst verhalte in Themen, die mich stark interessieren ",1,1,1,2,1,"Das Video hab einen Überblick über die Konstruktion von Steinmauern, besonders im Bezug auf Garten und Terassenanlagen. Dabei stellte es ein Prinzip vor, durch das man besonders hohe Steinmauern gegen verrutschen Fixieren kann",Keine Ahnung,1,"",1,1,1,1,"",5,1,TRUE,TRUE,0.0751350834641462,-0.712324944515543,FALSE,FALSE,TRUE,TRUE,TRUE,1,1.6094379124341,0,5,1.6094379124341,1.79175946922806,0.693147180559945,3,1.09861228866811
25422a53,800,331,exp_old,"Meine Stärken sind, dass ich gut zuhören kann, aber vor allem bei persönlichen Dingen, dass ich hilfsbereit bin und lieb und lustig! Allerdings kann man nicht pauschalisieren, dass ich immer bei allem gut zuhören kann, weil ich mir bei eher uninteressanten bzw. stark detaillierten Informationen diese nicht merken kann, weil es zu viel ist! Ich denke, ich bin ein reflektierter Mensch, also sollte das, was ich sage, schon stimmen, allerdings ist es auch wichtig, stärken und Schwächen von der Meinung anderer abhängig zu machen! ",5,1,7,4,7,"Von der Größe verschiedener Planeten unseres Sonnensystems 
Erst wurde innerhalb der Erde rusgzeoomt ins Weltall 
Von da dann zu den anderen Planeten unseres Sonnensystems und danach außerhalb unseres Sonnensystems","Wie gut man sich Sachen merken kann 
Wie gut man mit völlig verschiedenen Themen, die nacheinander behandelt werden, umgehen kann und sich darauf einlassen kann und sich trotzdem wichtige Sachen des anderen Themas zu merken ",1,"",1,1,1,1,"",5,1,TRUE,TRUE,0.0751350834641462,-0.712324944515543,FALSE,FALSE,TRUE,TRUE,TRUE,6.33333333333333,1.6094379124341,0,5,1.6094379124341,1.79175946922806,0.693147180559945,3,1.09861228866811
74f1d636,375,670,exp_old,"Meine Stärken sind meine Empathie und schnelle Auffassungsgabe.

Meine Schwächen sind mein Bizeps und mein Stressmanagement.",5,3,5,4,5,"- es handelt von unserer Galaxie
- es vergleicht die Erde in ihrer Größe mit anderen Planeten und Sternen, indem immer weiter rausgezoomt wird ","- vielleicht, wie Menschen emotional auf dramatisch musikalische Begleitung reagieren ",1,"",1,1,1,1,"",2,2,TRUE,TRUE,-1.03686415180522,-0.200557508650007,FALSE,FALSE,TRUE,TRUE,TRUE,5,0.693147180559945,0.693147180559945,1,0,1.09861228866811,1.09861228866811,1,0
2ee2d752,390,699,exp_old,"Ich bin empathisch und mag sehr gerne unter Menschen sein. Ich verstehe mich mit vielen Leuten gut und mache viele verschiedene Sportarten, die mir sehr gut gefallen. Ich bin meistens freundlich und respektiere jeden. Ich mag sehr gerne Tiere.
Manchmal bin ich übermütig und rede zu viel.",6,2,7,5,7,Größenordnung verschiedener Sterne Planeten im endgültigen Vergleich mit der Größe der Erde und der dadurch scheinbaren irrelevanz derselben,Wie Menschen sich selbst einschätzen in ihrer Bedeutung,1,"",1,1,1,1,"",7,2,TRUE,TRUE,0.816467906977055,-0.200557508650007,FALSE,FALSE,TRUE,TRUE,TRUE,6.66666666666667,1.94591014905531,0.693147180559945,3.5,1.25276296849537,2.07944154167984,1.09861228866811,2.66666666666667,0.980829253011726
57179212,1920,943,control,"Ich begegne der Natur und Menschen mit einem Lächeln. Die Wichtigkeit des Einklangs von Natur und Mensch sollte priorisiert werden. Vielleicht entsteht durch dieses Bewustsein eine Dynamik die alles positiv verändert.

Ich kann nicht verstehen, warum man von der Priorisierung abweichen sollte.",4,1,4,4,4,Von einer Anleitung zum Bau einer Mauer.,Den Fokus durch ein Video zu lenken/manipulieren und daraus resultierend die Antworten zu antizipieren.,1,"",1,1,1,5,PC,2,0,TRUE,TRUE,-1.03686415180522,-1.22409238038108,FALSE,TRUE,TRUE,TRUE,TRUE,4,0.693147180559945,-Inf,Inf,Inf,1.09861228866811,0,3,1.09861228866811
c69c137c,1710,991,exp_old,"Ich denke eine Stärke von mir ist es, anderen Personen zuzuhören. Außerdem würde ich sagen, dass ich zuverlässig bin.

Schwächen von mir sind, dass ich mich leicht stressen lasse oder zu sehr mit anderen vergleiche.",2,1,2,6,6,ein Größenvergleich der Objekte im Universum,"Vllt, ob ich mich durch das Video klein und unbedeutsam fühle und wie sich das auf meine Selbsteinschätzung auswirkt.",1,"",1,1,1,3,"",2,2,TRUE,TRUE,-1.03686415180522,-0.200557508650007,FALSE,FALSE,TRUE,TRUE,TRUE,3.33333333333333,0.693147180559945,0.693147180559945,1,0,1.09861228866811,1.09861228866811,1,0
da024232,1180,648,control,"Loyal, hilfsbereit, konsequent, offen, selbstbewusst, penibel, faul",1,1,4,2,3,"Mauerbau, Verstärkungsmöglichkeiten","Nicht um Mauerbau
Ängste",1,"",1,1,1,2,"",5,2,TRUE,TRUE,0.0751350834641462,-0.200557508650007,FALSE,FALSE,TRUE,TRUE,TRUE,2.66666666666667,1.6094379124341,0.693147180559945,2.5,0.916290731874155,1.79175946922806,1.09861228866811,2,0.693147180559945
d803dff7,2560,1314,exp_new,"Zu meinen Stärken gehört kreatives Denken. Mir macht es viel Spaß über verschiedene Lösungsansätze nachzudenken und kreative Ideen einzubringen. 
Außerdem erkenne ich schnell Zusammenhänge zwischen verschiedenen Dingen, wie zum Beispiel in der Mathematik. Ich  habe denke ich eine relativ gute Auffassungsgab und einen guten Orientierungssinn. ",6,2,5,4,6,"Rauszoomen von Gebäude in Duetschland zur Erde, dann zum Sonnensystem, dann in die Milchstraße usw. ","Darum weie klein und unbeduetend man issch fühlt und weniger klein die Probeeme, wenn man sich selbr mal in Perspektive setzt. ",1,"",1,1,1,4,"",6,0,TRUE,TRUE,0.445801495220601,-1.22409238038108,FALSE,TRUE,TRUE,TRUE,TRUE,5.66666666666667,1.79175946922806,-Inf,Inf,Inf,1.94591014905531,0,7,1.94591014905531
246353c7,390,699,exp_old,"Ich denke positiv über meine Fertigkeiten 
Ich habe ein positives Bild über mein Äußeres 
Ich vergesse oft Dinge 
Ich schiebe Sachen oft vor mich her ",3,2,6,3,7,"- Sonnensystem 
- Größe der Erde im vergleich zu anderen Planeten und Sonnen ",Selbsteinschätzung nach dem man gesehen hat wie klein unser Einfluss ist und unsere Wirksamkeit,1,"",1,1,1,1,"",2,2,TRUE,TRUE,-1.03686415180522,-0.200557508650007,FALSE,FALSE,TRUE,TRUE,TRUE,5.33333333333333,0.693147180559945,0.693147180559945,1,0,1.09861228866811,1.09861228866811,1,0
c5ea6ebe,393,695,control,"Ich kann gut andere Menschen in Gespräche verwickeln, hab Humor und komme daher auch sehr sympathisch rüber , ich bin ein sehr sportlicher Menschen. Zudem bin ich mir über meine Fähigkeiten bewusst und sehr reflektiert und kann gut kommunizieren.
Zu meinen Schwächen gehört dass ich viel Aufmerksamkeit und Bestätigung benötige, manchmal etwas lauter bin ",1,1,1,1,1,Wie man eine stabile Mauer baut,Wie uns Videos bzw. Social Media beeinflusst,1,"",1,1,1,1,"",7,3,TRUE,TRUE,0.816467906977055,0.311209927215528,FALSE,FALSE,TRUE,TRUE,TRUE,1,1.94591014905531,1.09861228866811,2.33333333333333,0.847297860387204,2.07944154167984,1.38629436111989,2,0.693147180559945
54899a94,393,695,control,"Was ich als meine Stärke sehe:
Ich habe eine gewisse Empathie, kann mich gut in Personen hineinversetzen und versuche, wenn es Probleme gibt, gemeinsam Lösungswege zu erörtern.
Ich bin kreativ und versuche auch Probleme so zu lösen. Ich glaube, ich strahle Vertrauen aus, viele mir unbekannte Menschen, erzählen besondere Erlebnisse mir. Ichhabe einen guten Draht zu kleinen Kindern. Ich nehme die Natur sehr detailliert wahr und schätze schöne Ausblicke und speichere sie für mich besonders ab. Ich bin hilfsbereit. ",2,1,2,2,2,"Eine Anweisung und Erläuterung wie man eine stabile Mauer baut, mit einzelnen Arbeitsschritten und Möglichkeiten der Fertigstellung.","Weiß ich nicht. Sicher nicht, um die Details des Videos. 
",1,"",1,1,1,1,"",12,0,TRUE,TRUE,2.66979996575933,-1.22409238038108,FALSE,TRUE,TRUE,TRUE,TRUE,2,2.484906649788,-Inf,Inf,Inf,2.56494935746154,0,13,2.56494935746154
2f1db1f7,1596,870,control,"Liebevoll
Einfühlsam
Hilfsbereit
Empathisch
Zuverlässig
Strukturiert
Organisiert
Reflektiert
Verantwortungsbewusst


Nachtragend
Perfektionistisch
Nicht entscheidungsfreudig",1,1,2,1,2,"- Mauern
- Stabilisierung von Mauern
- Bauweise von Mauern",Selbsteinschätzung,1,"",1,1,1,3,"",9,3,TRUE,TRUE,1.55780073048996,0.311209927215528,FALSE,FALSE,TRUE,TRUE,TRUE,1.66666666666667,2.19722457733622,1.09861228866811,3,1.09861228866811,2.30258509299405,1.38629436111989,2.5,0.916290731874155
361996ce,375,635,exp_new,"Meine Stärken sind Einfühlsam zu sein, mich Gelassen mit Themen zu beschäftigen, Neugierig bin für Neues und offen bin für Persönliche Weiterentwicklungen. Zu meinen Schwächen gehören Frustration, Nervösität und Zweifel an mir selbst ",7,1,6,6,7,Von einen einzelnen Standpunkt immer mehr zu sehen und eine stark verändert Umgebung (Vom Ausgangspunkt bis zur  Galaxie),Um die Wahrnehmung von uns Menschen,1,"",1,1,1,1,"",4,3,TRUE,TRUE,-0.295531328292308,0.311209927215528,FALSE,FALSE,TRUE,TRUE,TRUE,6.66666666666667,1.38629436111989,1.09861228866811,1.33333333333333,0.287682072451781,1.6094379124341,1.38629436111989,1.25,0.22314355131421
d69f881d,402,714,exp_new,"Ich bin geschickt und kann schnell neue Dinge erlernen. 
Ich kann andere Menschen gut anleiten, neue Dinge zu lernen. 
Es fällt mir schwer über lange Zeit Kontakt mit vielen Menschen zu halten 
Ich bin manchmal durch kleine Unannehmlichkeiten leicht reizbar",7,1,2,4,6,"Sartpunkt Industriegebiet o.ä. 
Danach „Flug“ immer weiter weg 
Über Europa, die Erde, bis in s Weltall ",Das Bewusstsein der Menschen wie klein die Menschheit/Erde ist.,1,"",1,1,1,1,"",3,2,TRUE,TRUE,-0.666197740048763,-0.200557508650007,FALSE,FALSE,TRUE,TRUE,TRUE,5,1.09861228866811,0.693147180559945,1.5,0.405465108108164,1.38629436111989,1.09861228866811,1.33333333333333,0.287682072451781
3333f0b4,390,699,exp_old,"Ich bin abenteuerlustig, engagiert und selbstbewusst. Es wird nichts langweilig, sondern aufregend. Zuhören und Empathie  zeigen, liegt mir. 
An meiner Geduld arbeite ich. Auch der Umgang mit Stress oder ähnliches fehlt mir schwerer.  ",6,2,6,4,6,"Das Video zeigte das Sonnensystem. Alle bekannten Planeten. 
Die Erde wirkte sehr klein und das Universum sehr groß. ","Möglicherweise, dass alles noch so kleine eine Rolle spielt. 
Oder wir meist nicht wissen was auf uns zukommt und einen offenen Blick auf die Zukunft etc. entwickeln sollten. ",1,"",1,1,1,1,"",6,2,TRUE,TRUE,0.445801495220601,-0.200557508650007,FALSE,FALSE,TRUE,TRUE,TRUE,6,1.79175946922806,0.693147180559945,3,1.09861228866811,1.94591014905531,1.09861228866811,2.33333333333333,0.847297860387204
e5375d89,360,645,control,"Ich bin ein empathischer Mensch, der immer ein offenes Ohr hat und ich verurteile die Handlungen von anderen nicht. Ich mag es im Team zu arbeiten, bin kommunikativ und übernehme Verantwortung. 
Meine Schwächen sind chaotische Zeitplanung und manchmal emotionale Reaktionen auf Ereignisse. Ich versuche pünktlich zu sein, aber bin es leider zu selten.",1,1,1,3,2,"- wie man eine feste Mauer baut
- Werbung für eine Anleitung, wie man mit Rohren die Mauer befestigt ","Wie lange ich mich für etwas interessiere, das mich gerade nicht persönlich berührt.",1,"",1,1,1,1,"",6,3,TRUE,TRUE,0.445801495220601,0.311209927215528,FALSE,FALSE,TRUE,TRUE,TRUE,1.33333333333333,1.79175946922806,1.09861228866811,2,0.693147180559945,1.94591014905531,1.38629436111989,1.75,0.559615787935423
21fbc558,402,714,control,"Ich bin sehr empathisch, kann gut strukturieren und priorisieren sowie zwischenmenschliche Dynamiken und Stimmungen erkennen und darauf reagieren. Meine schwächen sind perfektionismus der mir häufig im weg steht sowie selbstzweifel und zu teilen schwierigkeiten sich abzugrenzen. ",1,1,1,1,1,Eine Anleitung zum Bauen einer Mauer aus Mauer Blöcken und das fixieren dieser mittels einer Metallstange für den Garten und Außenbereich,Aufmerksamkeit,1,"",1,1,1,1,"",5,3,TRUE,TRUE,0.0751350834641462,0.311209927215528,FALSE,FALSE,TRUE,TRUE,TRUE,1,1.6094379124341,1.09861228866811,1.66666666666667,0.510825623765991,1.79175946922806,1.38629436111989,1.5,0.405465108108164
a581c35a,1440,719,control,"Meine Stärken: ich bin einfühlsam, kann gut zuhören und auch gute tipps und Ratschläge geben, ich bin lustig, man kann viel Spaß mit mir haben, mit Freunden mit denen ich bonde habe ich eine sehr tiefe Beziehung und ich bin ihnen gegenüber auch 100% loyal und hilfsbereit. Ich bin außerdem intelligent und mir fallen viele Aufgaben nicht allzu schwer. Ich versuche auch immer nett und freundlich zu sein. Ich tanze außerdem ganz gut und gerne",3,1,2,2,4,Mauer bauen und wie man Mauern stabiler macht (mit Rundungen und Stäben usw.),"Wie man ein neutrales Video bewertet, wenn man dazwischen über Stärken von sich nachdenkt und diese beschreibt - andere Versuchsgruppe muss vielleicht stattdessen Schwächen nennen?",1,"",1,1,1,3,"",13,0,TRUE,TRUE,3.04046637751578,-1.22409238038108,TRUE,TRUE,TRUE,TRUE,TRUE,3,2.56494935746154,-Inf,Inf,Inf,2.63905732961526,0,14,2.63905732961526
4e420d76,1920,951,exp_old,"Ich behaupte immer oder rede mir selbst ein, dass ich es sehr mag zu kochen und zu backen - dann werde ich es auch irgendwann so gern tun, dass es mir im Alltag oft oder fast immer Freude bereitet. Gerade gestern erst backte ich einen Möhrenkuchen mit Erythrit, was ich noch nie versucht hatte. Er war etwas trocken, aber geschmacklich sehr lecker.

*Anm.: Wer würde in einem Gespräch mit einer Person, die man gerade erst kennenlernt, über eigene Schwächen oder negativ konnotierte Dinge sprechen? Freut man sich dann nicht eher an den schönen Dingen, die man sich erzählt?",3,1,5,3,6,"Es zeigte ausgewählte Bestandteile des Universums in den Dimensionen von klein nach (enorm) groß, beginnend mit einer Stadt auf der Erde hin zum größten bekannten Red Giant.",Ich weiß es nicht.,1,"",1,1,1,4,"",2,0,TRUE,TRUE,-1.03686415180522,-1.22409238038108,FALSE,TRUE,TRUE,TRUE,TRUE,4.66666666666667,0.693147180559945,-Inf,Inf,Inf,1.09861228866811,0,3,1.09861228866811
26838789,393,695,control,"Teamfähig
Stark in der Analyse 
Mag Herausforderungen
Lerne gerne etwas Neues
Zielstrebig
Belastbar",1,1,5,2,5,"Stabilität von Mauern
Welche Möglichkeiten es gibt, Mauern zu stabilisieren.",Einfluss der Informationen im Video auf die Selbsteinschätzung beziehungsweise auf die Darstellung der eigenen Stärken,1,"",1,1,1,1,"",6,0,TRUE,TRUE,0.445801495220601,-1.22409238038108,FALSE,TRUE,TRUE,TRUE,TRUE,3.66666666666667,1.79175946922806,-Inf,Inf,Inf,1.94591014905531,0,7,1.94591014905531
b2cc16ca,411,784,exp_old,"Kreativ,Zielstrebig, Durchhaltevermögen, empathisch, hilfsbereit, positive Grundstimmung


Auch mürrisch, chaotisch tendenziell, Kritik ertrage ich sehr schlecht, manchmal grüblerisch",5,1,5,3,6,Bedeutung der Erde in unserem Sonnensystem und allen bekannten Sternen im All und gleichzeitig die Bedeutungslosigkeit . Zufall von Entstehung von Leben und unsere Einzigartigkeit.,"Wünschte es ginge um Möglichkeiten der Weltraumbesiedlung. Zufällig mag ich Scifi . Wahrscheinlich geht es um die Bedeutung des Einzelnen auf der Erde....und in unserem bekannten System. Letztendlich sind wir nur ein zufâlliges Produkt mit optimalen Voraussetzungen...auf der Erde hat sich komplexes Leben gebildet. Diese Chance auf diesem Planeten nutzen wir leider eher schlecht  wir sind eine Nebensächlichkeit im Universum. 
Hier auf der Erde sind wir alles und wirken wie es uns gefällt und wie wir es können; oder auch nicht. 
Ich für meinen Teil freue mich mehr, als dass ich mich grâme hier zu sein. Und wirken auch, so wie alle anderen und so wie Sie.",1,"",1,1,1,1,"",6,4,TRUE,TRUE,0.445801495220601,0.822977363081064,FALSE,FALSE,TRUE,TRUE,TRUE,5.33333333333333,1.79175946922806,1.38629436111989,1.5,0.405465108108164,1.94591014905531,1.6094379124341,1.4,0.336472236621213
3f2b71a3,390,669,exp_new,"Aufmerksam, ehrlich und feinfühlig. Ich würde mich auch als resilient und stark beschreiben. Ich denke ich kann gut zuhören und habe eine gutes Gespür dafür Menschen das zu geben, was sie in dem Moment brauchen. Ich bin sehr lebensfroh und das Glas des Lebens halb voll.",6,3,7,5,7,"- Von dem Universum
- dem Rauszoomen von der Erde bis hin zur Galaxie 
- im übertragenen Sinne: von dem Perspektivwechsel einer einzelnen Person zum Weitblick über die ganze Welt","- darum seine eigenen Themen im Kontext Eingebettet zu betrachten und damit vielleicht sogar von eigenen, furchtbar wichtigen Dingen ein Stück weit loslassen zu können
- sich befreien von dem einen „Wahren“",1,"",1,1,1,1,"",9,0,TRUE,TRUE,1.55780073048996,-1.22409238038108,FALSE,TRUE,TRUE,TRUE,TRUE,6.66666666666667,2.19722457733622,-Inf,Inf,Inf,2.30258509299405,0,10,2.30258509299405
625ca5d6,393,661,exp_old,"Zu meinen Stärken gehört auf jeden Fall, dass ich empathisch bin und sehr zuverlässig. Ich bin pflichtbewusst und versuche eigentlich immer, mein Bestes zu geben. Außerdem würde ich mich als sehr unkompliziert und umgänglich beschreiben.
Meine stärkste Schwäche ist, dass ich schlecht Fehler eingestehen kann. Außerdem versuche ich immer sehr stark, es allen recht zu machen, was oftmals aber unautentisch wirken könnte. Ich bin außerdem nicht sehr stressresistent.",6,2,7,4,6,"- das Verhältnis der Erde in ihrer Größe und Entfernung zu anderen Planeten und Sternen 
- wie klein die Erde im Vergleich zu ihrem zugehörigen Universum ist ","Ich glaube, es ging darum, ob wir uns selbst anderes bewerten und einordnen, wenn wir davor geprimed wurden, wie unbedeutend klein jeder einzelne von uns eigentlich ist.",1,"",1,1,1,1,"",6,4,TRUE,TRUE,0.445801495220601,0.822977363081064,FALSE,FALSE,TRUE,TRUE,TRUE,6.33333333333333,1.79175946922806,1.38629436111989,1.5,0.405465108108164,1.94591014905531,1.6094379124341,1.4,0.336472236621213
4ca99f97,440,742,exp_new,"Ich kann sehr gut organisieren und planen, bin ein sehr positiver Mensch und sehe in allem ein Sinn. Außerdem bin ich sehr Humorvoll und weltoffen, was mir in der Kommunikation mit anderen Menschen hilft. 

Meine Schwäche ist, dass ist perfektionistisch bin und dadurch oft Aufgaben nicht abgeben will ",2,1,7,6,6,"Dem Universum
Der Galaxy 
Der Welt ",Um alles was außerhalb unserer Welt liegt,1,"",1,1,1,1,"",6,1,TRUE,TRUE,0.445801495220601,-0.712324944515543,FALSE,FALSE,TRUE,TRUE,TRUE,5,1.79175946922806,0,6,1.79175946922806,1.94591014905531,0.693147180559945,3.5,1.25276296849537
3f6ca45b,393,695,control,Freies Sprechen und das Abhalten von Vorträgen würde ich als meine Stärke bezeichnen. Organisation eher als Schwäche,1,1,2,2,2,"-Mauern
-Befestigungen
-Design",-Psychologie,1,"",1,1,1,1,"",2,1,TRUE,TRUE,-1.03686415180522,-0.712324944515543,FALSE,FALSE,TRUE,TRUE,TRUE,1.66666666666667,0.693147180559945,0,2,0.693147180559945,1.09861228866811,0.693147180559945,1.5,0.405465108108164
38c53d29,1363,645,exp_new,"Kann gut mit Menschen, hilfsbereit, Höflich, Freuenversteher, Bereit sich auf neues einzulassen. Flexibel, anpassungsfähig

Manchmal naiv, kein großer Ergeiz, Kann mich schlecht durchsetzten. Kann schlecht mit Zahlen. ",5,1,3,1,4,"Weltall, Galaxien, Erde, ",Um den Einfluss von Medien auf das eigene Selbstbild,1,"",1,1,1,3,"",7,4,TRUE,TRUE,0.816467906977055,0.822977363081064,FALSE,FALSE,TRUE,TRUE,TRUE,4,1.94591014905531,1.38629436111989,1.75,0.559615787935423,2.07944154167984,1.6094379124341,1.6,0.470003629245736
51fddb70,1180,668,exp_new,"Stärken: Empathie (/sich gut in andere Menschen hineinversetzen können), analytisches Denken, Neugierde, 
Schwächen: manchmal people pleaser",5,2,7,6,7,"Erst Ausschnitt von Erde (wie Drohnenaufnahme) dann immer weiter weg bis nur noch die Erde zu sehen war, dann das Sonnensystem und immer weiter weg",Einfluss vom Video auf Stären/Schwächen-Wahrnehmung?,1,"",1,1,1,2,"",3,1,TRUE,TRUE,-0.666197740048763,-0.712324944515543,FALSE,FALSE,TRUE,TRUE,TRUE,6.33333333333333,1.09861228866811,0,3,1.09861228866811,1.38629436111989,0.693147180559945,2,0.693147180559945
1cd052a6,607,260,exp_new,"Stärken: 
- Analytisches Vermögen. Eine Fähigkeit, Dinge genau zu analysieren und Zusammenhänge zu erkennen. 
- Reflexionsvermögen: Fähigkeit, eigenes Erleben und Verhalten zu erkennen, zu reflektieren und auch mal darüber zu schmunzeln 

Schwächen: 
- Verkopftheit: teils übermäßige Beschäftigung mit möglichen Szenarien, bzw. Verkomplizierung von Aufgaben oder Sachverhalten 
- Langsamkeit: Schnelligkeit kann ob meiner Genauigkeit gern mal verloren gehen",6,1,5,4,6,"Rauszoomen von einem Ort auf der Erde bis hinaus ins Universum, raus aus dem Sonnensystem. Alles wurde kleiner, Sterne und (wahrscheinlich) Galaxien sichtbar. ",Auswirkung des Sehens von dem Film auf Selbstbeschreibung?,1,"",1,1,1,1,"",2,2,TRUE,TRUE,-1.03686415180522,-0.200557508650007,FALSE,FALSE,TRUE,TRUE,TRUE,5.66666666666667,0.693147180559945,0.693147180559945,1,0,1.09861228866811,1.09861228866811,1,0
3c1dc75a,2048,1152,exp_new,"Stärken: Große Zusammenhänge gut erkennen können; Einflülsam mit meinen Mitmenschen umgehen können; Offenheit für alles mögliche

Schwächen: Überdenken von allem möglichen, wenn ich bei Dingen unsicher bin, führt dazu, dass ich manchmal ewig für einfache Aufgaben brauche oder das hier und jetzt weniger genießen kann.",5,2,5,5,4,"Das Video zeigt die Perspektive eines Beobachters, der vom TUM Garching Gelände langsam startet mit blick auf die Erde, dann immer schneller steigt, weiter weg von der Erde, diese und der Mond verschwinden, dann sieht man die Sonne, dann die Nachbarsterne und dann nach längerem """"""""""""""""raus zoomen"""""""""""""""" die Milchstraße.",Vielleicht inwiefern die Beobachtung aus Sicht des Universums uns erfürchtiger macht und damit anders über unsere Stärken und Schwächen berichten lässt.,1,"",1,1,1,4,"",3,1,TRUE,TRUE,-0.666197740048763,-0.712324944515543,FALSE,FALSE,TRUE,TRUE,TRUE,4.66666666666667,1.09861228866811,0,3,1.09861228866811,1.38629436111989,0.693147180559945,2,0.693147180559945
3b9e6370,393,695,exp_old,"Meine Stärken sind dass ich sehr empathisch bin. Ich kann mich gut in andere hineinversetzen und deren Gefühle verstehen. Ich bin aufmerksam und versuche, mir viele Dinge zu merken für Leute da zu sein und interessiert zu sein. Ich bin sehr ehrgeizig und zuverlässig in den meisten Dingen. Eine andere stärke ist jedoch dass ich auch versuche viel mit Humor zu nehmen und gute Stimmung zu verbreiten. Schwächen meinserseits sind dass ich manchmal so viel denke und dadurch den Fokus für das wichtige verliere und aus Versehen Leute verletze. Ich nehme mir oft zu viel vor und bin nicht oft zufrieden damit was ich tue ",2,6,7,1,3,"Von dem Sonnensystem, den verschieden Planeten und Sternen und deren Relation in ihrer Größe zueinander ",Ich habe keine Ahnung,1,"",1,1,1,1,"",11,3,TRUE,TRUE,2.29913355400287,0.311209927215528,FALSE,FALSE,TRUE,TRUE,TRUE,4,2.39789527279837,1.09861228866811,3.66666666666667,1.29928298413026,2.484906649788,1.38629436111989,3,1.09861228866811
0d5bc93d,390,645,exp_old,"Ich kann gut mit anderen reden, bin empathisch, gebe gute Ratschläge. Lernen fällt mir leicht, dementsprechend bin ich gut in Sprachen aber auch in def Schule. Ich bin relativ gelenkig. Auf der anderen Seite der ungeduldig, ich bin pessimistisch und schlecht begeisterungsfähig. Ich bin perfektionistisch, faul, unordentlich, ängstlich, vermeidend. Nicht sehr diszipliniert. ",6,5,6,3,6,"Zuerst wurde von der Erde rausgezoomt, es folgen die Planten in unserem Sonnensystem größer werdend, danach wurden weitere Sterne der größe nach aufgezeigt, rote Giganten.","In wie fern sich die Selbsteinschätzung verändert, wenn einem bewusst wird wie klein die Erde ist und wie groß das Universum ist.",1,"",1,1,1,1,"",5,9,TRUE,TRUE,0.0751350834641462,3.38181454240874,TRUE,FALSE,TRUE,TRUE,TRUE,6,1.6094379124341,2.19722457733622,0.555555555555556,-0.587786664902119,1.79175946922806,2.30258509299405,0.6,-0.510825623765991
6bb3b66b,390,655,exp_old,"meine Stärken sind meine Empathie und mein Einfühlvermögen, Verständnis für andere aufzubringen, optimistisch sein, gut analysieren können, auch Offenheit

meine Schwächen sind Selbstkritik und auch Kritik an anderen, Ernsthaftigkeit, Grübelei",4,2,7,1,5,"Perspektive/ Skala unseres Sonnensystems und dem Universum, Vergleich der eigenen Existenz in komplett anderen Dimensionen","Ich glaube es ging um die veränderte Selbstwahrnehmung wenn einem deutlich gemacht wird, wie klein und scheinbar unbedeutend man im gesamten Universum ist. Vielleicht soll damit eine positivere Selbsteinschätzung einhergehen, man ist wohlwollender sich selbst und den eigenen Fehlern gegenüber oder auch andersherum stuft sich selbst als weniger außergewöhnlich und „grandios“ ein etc. 
Also insgesamt glaube ich geht es um Selbstreflexion in einem bestimmten Kontext. ",1,"",1,1,1,1,"",6,4,TRUE,TRUE,0.445801495220601,0.822977363081064,FALSE,FALSE,TRUE,TRUE,TRUE,5.33333333333333,1.79175946922806,1.38629436111989,1.5,0.405465108108164,1.94591014905531,1.6094379124341,1.4,0.336472236621213
cb218d19,777,302,exp_new,"Hallo, 
Zu meinen Stärken zähle ich, dass ich zielorientiert arbeite, gerne einen Weitblick für Dinge habe, sehr detailgetreu arbeite und wenn ich für etwas brenne, meine vollen 100% gebe. Ich bin empathisch und einfühlsam, kann Menschen inspirieren und motivieren und ein Lächeln auf ihr Gesicht zaubern. 

Punkte, an denen ich arbeiten kann sind emotionale Abgrenzung und meine Gefühlswelt besser kontrollieren können. 
Mehr aus meiner Comfort Zone kommen und für meine Wünsche und Bedürfnisse einstehen. Ich kann auch noch lernen, meine Meinung klar zu äußern. ",4,6,6,6,6,"Es hat unsere Galaxie gezeigt Beziehungsweise die Lage der Erde im Weltraum. Es begann im Micro mit einem Punkt auf der Erde und hat sich zum Makrokosmos geweitet. Erst die Stadt, dann große Grünfläche, dann die Erde, die immer kleiner wurde, wie ein Stern. Irgendwann kam dann die Milchstraßen. Das danch kenn ich nicht aber im Prinzip ist der Weltraum immer mehr in die Weite gegangen. ",Die Frage hab ich mir zwischendurch auch gestellt. Keine Ahnung.,1,"",1,1,1,1,"",9,5,TRUE,TRUE,1.55780073048996,1.3347447989466,FALSE,FALSE,TRUE,TRUE,TRUE,5.33333333333333,2.19722457733622,1.6094379124341,1.8,0.587786664902119,2.30258509299405,1.79175946922806,1.66666666666667,0.510825623765991
08091059,384,727,control,"Meine Stärken sind ua. Dass ich sehr fleißig bin und ein gutes Durchhaltevermögen habe. Dazu kann ich mich sehr gut in andere hineinversetzen und so auch gut Konflikte unparteiisch lösen.
Meine Schwächen sind das ich ein schlechtes Gedächtnis hab und deswegen leider vieles schnell vergesse, was für Mitmenschen anstrengend werden kann. Dazu gerate ich schnell in Stress und werde schnell frustriert.",1,3,1,1,1,"Mauern im Garten zu bauen, besonders mit Hilfe von Fixierstangen im Mauerwerk.",Möglicherweise um das Wohlbefinden bein Anschauen des Videos.,1,"",1,1,1,1,"",4,3,TRUE,TRUE,-0.295531328292308,0.311209927215528,FALSE,FALSE,TRUE,TRUE,TRUE,1,1.38629436111989,1.09861228866811,1.33333333333333,0.287682072451781,1.6094379124341,1.38629436111989,1.25,0.22314355131421
639cc4f6,822,292,exp_new,"Ich bin ein zuverlässiger und sorgfältiger Mensch. Wenn ich einmal eine Entscheidung für richtug befunden und getroffen habe, werde ich es mit allen mit verfügbaren Mitteln durchsetzen. In wichtigen Dingen bin ich entscheidungsstark und fähig binnen kürzester Zeit wichtige Entscheidungen zu treffen, wenn ich von der Richtigkeit überzeugt bin. Ich bleibe gerne unabhängig und prüfe alles und füge mich nicht in Regeln oder Strukturen ohne sie geprüft zu haben. Erkenne ich etwas an, bin ich absolut treu.
Ich habe allerdings meinen eigenen Kopf und füge mich dadurch nicht sehr gut in Gruppen ein und ziehe mich lieber zurück und arbeite alleine. Eine Zusammenarbeit aus reiner Solidarität oder um des Friedens willens gibt es nicht. Eine Zusammenarbeit passiert nur, wenn sich die Meinungen und Ziele der anderen mit meinen decken.",5,1,4,4,5,"Von der Größe des Universums 
Von der Kleinheit unserer Existenz 
Von der Irrelevanz unseres Daseins
Von der Größe und Schönheit unserer Schöpfung 
Von der Komplexität und Vielfalt der Welt
Von der Größe Gottes der das alles geschaffen hat","Reaktionen verschiedener Charaktertypen auf Musik und Bild
Erschrickt man eher ob unserer Irrelevanz und Kleinheit oder gerät man ins staunen und in Freude über die Schönheit der Schöpfung ",1,"",1,1,1,1,"",6,2,TRUE,TRUE,0.445801495220601,-0.200557508650007,FALSE,FALSE,TRUE,TRUE,TRUE,4.66666666666667,1.79175946922806,0.693147180559945,3,1.09861228866811,1.94591014905531,1.09861228866811,2.33333333333333,0.847297860387204
84120fc8,339,568,control,"Meine Stärke ist es, empathisch mit anderen Menschen zu sein. Zudem bin ich musikalisch und technisch überdurchschnittlich begabt. Als eine Stärke von mir empfinde ich meine Fähigkeit, mich für neue Dinge zu begeistern und einzuarbeiten.
Meine Schwäche ist räumliches Denken. Zudem bin ich im Kopfrechnen nicht gut. ",1,1,2,1,2,"- Mauerwerke
- Stabilisierung von Mauerwerken
- Handwerk",Fokus (was schauen wir wie an) und dessen Auswirkung auf unsere Wahrnehmung von Stärken und Schwächen.,1,"",1,1,1,1,"",,,TRUE,TRUE,,,,,TRUE,TRUE,TRUE,1.66666666666667,,,,,,,,
f11c21a8,360,699,exp_old,"Stärke:
Ordentlich, Strukturiert, Logisch, detailliert, genau, kann mit jedem, entschieden, kreativ

Schwächen:
Träge, detailverliebt",5,2,6,2,6,Größendimension der bekannten Planten/Sterne,"Wie Triumphierend Musik und das immer Größerwerden der Planten, das eigne Ego pushen. (denk eher an Stärken, ist selbstbewusster) ",1,"",1,1,1,1,"",,,TRUE,TRUE,,,,,TRUE,TRUE,TRUE,5.66666666666667,,,,,,,,
9f05bf96,390,699,control,"Meine Stärken sind emphatisches Einfühlen in andere Personen, ich habe einen guten Blick für andere Menschen und sehe, was es in meinem Umfeld zu tun gibt und übernehme diese Aufgaben eigenständig. 
Meine Schwächen sind oft dominantes Handeln.",2,1,4,3,5,"- wie man eine Mauer errichtet 
- wie man diese möglichst stabil errichtet und ggf. mit Rohren verstärkt unterstützen kann",- Veränderung der Wahrnehmung nach einem Video auf das persönliche Können?! Aber wirklich keine Ahnung haha,1,"",1,1,1,1,"",,,TRUE,TRUE,,,,,TRUE,TRUE,TRUE,3.66666666666667,,,,,,,,
5f1904cb,1536,730,control,"Meine Stärken sind, dass ich immer das positive in Menschen sehe, auch wenn sie mich verletzen oder etwas falsch machen. Außerdem will ich immer alles richtig machen und versuche es auch zu machen, auch wenn das bedeuted mich nicht an erster Stelle zu stellen. Vielleicht ist das auch eine meiner Schwächen, ich pass zu wenig auf mich selber auf und wenn es zu viel wird dann schaff ich es nicht meine Gefühle einzuordnen. Eine weitere Schwäche ist, dass ich manchmal zu schnell laut werde und mich dann nicht mehr kontrollieren kann und dann sachen sag, die vielleicht verletzend sein können. ",1,1,5,5,5,"Mauern bauen, sodass sie stabil und fest sind",Seine eigenen Mauen anzuschauen und runterzulassen,1,"",1,1,1,3,"",,,TRUE,TRUE,,,,,TRUE,TRUE,TRUE,3.66666666666667,,,,,,,,
eb7c7d8c,390,645,exp_new,"Meine Stärken sind Empathie, ein gesundes Selbstbewusstsein, einigermaßen analytisches Denken, große Bereitschaft, für Freunde weit zu gehen, social butterfly sein, Menschen ein Gefühl zu geben, willkommen zu sein. 
Meine Schwächen sind procrastination, Nervosität, negativität hinsichtlich Zukunftsszenarien, Faulheit, und dass ich gerne über Menschen (auch schlecht) rede. ",5,2,5,6,6,"- Vogel/Drohnenperspektive: Flug heraus aus München (Unicampus?) ins Weltall 
- Sagenhafte Darstellung des Alls
- Beschleunigung bei größerer Distanz, „Sog“ ins Universum
- Epische Musik ",Beeinflussung der Emotion und des Selbstbilds durch Platzierung des Selbst im kosmischen Kontext sowie durch epische Musik,1,"",1,1,1,1,"",,,TRUE,TRUE,,,,,TRUE,TRUE,TRUE,5.33333333333333,,,,,,,,
d56736ad,390,659,exp_old,"begeisterungsfähig
aufmerksam
interessiert an vielen Dingen
Logisches denken
fröhlich
freundlich
leicht abgelenkt 
unorganisiert 
",6,1,7,4,7,"zoom von einem ort in frankreich ausgehend
Zoom heraus ab allen planeten vorbei hin zu den größten Sternen/Objekten des bekannten Universums
Größenvergleich kosmischer objekte",Dem probanten seine Existenzielle winzigkeit vor augen zu führen und die Auswirkung auf das Selbstwertgefühl zu zesten,1,"",1,1,1,1,"",,,TRUE,TRUE,,,,,TRUE,TRUE,TRUE,6.66666666666667,,,,,,,,
a9a01e1a,414,774,control,"Stärken:
- ich kann gut mit Menschen umgehen, habe ein Verständnis was sie wollen und kann sie entsprechend sich wohlfühlen lassen
- ich habe eine recht gute Auffassungsgabe, kann Probleme strukturiert und analytisch angehen
Schwächen
- ich kann ungeduldig werden, gerade mit Menschen die mir zu lange für etwas brauchen",2,1,3,4,4,- Anleitung zur Verstärkung einer Mauer,"Ob die Konfrontation mit einem Video in dem es um praktische Arbeit geht, einen Stärken praktischer Art aufzählen lässt",1,"",1,1,1,1,"",,,TRUE,TRUE,,,,,TRUE,TRUE,TRUE,3,,,,,,,,
17724d33,390,699,exp_old,"Ehrgeizig
Begeisterungsfähig
Flexibel 
Schnelle Auffassungsgabe
Teamfähig
Ungeduldig 
Zwanghaft
",2,5,5,1,3,- Größenverhältnis verschiedener Sterne und Planeten im Verhältnis zur Erde,- Einfluss von „ehrfurchteinflössenden“ / „großem Ganzen“ content auf die selbstreflexion in Bezug auf positiv / negativ,1,"",1,1,1,1,"",,,TRUE,TRUE,,,,,TRUE,TRUE,TRUE,3.33333333333333,,,,,,,,
f8fa2690,402,714,control,"Meine Stärken sind Empathie, eine schnelle Auffassungsgabe, Offenheit, Fürsorglichkeit und Hilfsbereitschaft. Ich bin in Kontakt mit meinen Emotionen und kann mich selbst gut reflektieren. Ich bin zuverlässig und Pflicht- und verantwortungsbewusst.

Meine Schwächen sind Zeitmanagement und Ordnung halten - das klappt meist nicht gut. Ich bin nicht sehr diszipliniert und neige zu Schwarz-Weiß-Denken, Perfektionismus und Selbstabwertung. 
",1,2,3,3,4,Verstärkung und Stabilisierung von Mauern durch den Einbau von Rohren,Der Effekt von verschiedenen Arten von Videos auf die Präsentation des Selbst,1,"",1,1,1,1,"",,,TRUE,TRUE,,,,,TRUE,TRUE,TRUE,2.66666666666667,,,,,,,,
dba9f747,384,732,exp_old,"Meine Stärken sind Durchhaltungsvermögen, Geduld, Entspanntheit, Fähigkeiten der Erinnerungsmlglichkeit, Hilfsbereitschaft.
Meine Schwächen sind Kommunikation, Konzentration auf das Wesentliche, Fähigkeit sich in Leute reinzuversetzen, seinen Wert kennen, überzeugend von seinem Ich sein",6,4,7,3,7,"-Ausschnitt aus Frankreich mit gewaltigem Grundstück mit großem Garten
-wird immer weiter rausgezoomt
-es ist ein Fluss zu sehen
-Spanien und Frankreich ist erkennbar
-der Prozess des weiter raus zoomens führt dazu, dass man jetzt schon nen anderen Planet kurz sieht und es immer schwarzer im Bild wird
-Ein Satellit ist zu erkennen
-Dann wird ein großer Vergleich von verschiedenen Planeten und Sternen gezeigt
-dabei wird die Größenordnung mancher Sterne auf beeindruckende weiße klar
-Es kommen z.B Mars, Merkur, Venus, Saturn (ohne äußere Bahn), Neptun, Erde, Sonne, red giant star, blue giant star, red hypergiant,...
-Die Namen stehen vor den Planeten/Sternen jeweils auf Karten","Einschätzen, welche Gefühle der Film bei einem auslöst.
 Ob z.B Angstgefühle ausgelöst werden 
",1,"",2,1,1,1,"",,,TRUE,TRUE,,,,,FALSE,TRUE,TRUE,6.66666666666667,,,,,,,,
b0ea599c,320,513,control,"Leistungsbereitschaft, offen, freundlich , hilfsbereit, gut organisiert

Zu freundlich konfliktscheu im privaten Bereich mit Partner, manchmal zu bestimmend",1,1,1,1,1,Konstruktion und Aufbau einer gartenmauer(ganz scheußlich),Erschließt sich mir nicht,1,"",1,1,1,1,"",,,TRUE,TRUE,,,,,TRUE,TRUE,TRUE,1,,,,,,,,
40013dc6,390,699,control,"Kritisch
Detailliertes Arbeiten 
Rational
Treu
Ehrlich
Sicherheitsbewusst

Schwächen 
Ungeduldig 
Aufbrausend
Desinteressiert an Dingen die mir nicht wichtig scheinen
",1,1,2,2,2,Es beschreibt oberflächlich wie man aus einem bestimmten Betonsteine-Sortiment Mauern baut,"Ob meine Stärken und Schwächen sich durch die Assoziation mit Mauern (Stabil, standhaft, verlässlich, langweilig) denken/veröndern",1,"",1,1,1,1,"",,,TRUE,TRUE,,,,,TRUE,TRUE,TRUE,1.66666666666667,,,,,,,,
013e18f6,375,664,exp_old,"Eine meiner Stärken ist meine Resilienz. Ich bin belastbar und zuversichtlich und schaue auch in schwierigen Situationen mach vorne. 
Eine meiner Schwächen ist es, zu viel auf einmal machen zu wollen und dadurch nicht organisiert oder planvoll genug vorzugehen. ",7,1,5,3,6,"von der Erde und den Planeten unseres Sonnensystems. Von unserem Stern im Vergleich zu anderen bekannten Sternen, die viel größer sind als unsere Sonne. ","Darum, einen Zusammenhang festzustellen zwischen unserer quasi Nichtigkeit im Weltall und dem Blick, wie Menschen sich selbst einschätzen und wie wichtig sie sich nehmen. ",1,"",1,1,1,1,"",,,TRUE,TRUE,,,,,TRUE,TRUE,TRUE,6,,,,,,,,
b62ccb63,411,776,exp_new,"Kreativ,  lustig, kommunikativ, sportlich,  ehrgeizig,  zielorientiert 

Wenig Geduld,  unordentlich,  ",5,7,1,4,4,Die Schönheit des Weltall,Keine Ahnung,1,"",1,1,1,1,"",,,TRUE,TRUE,,,,,TRUE,TRUE,TRUE,3.33333333333333,,,,,,,,
d8ee651c,414,706,exp_old,"Emphatisch , Zeit für Mitmenschen , viele Freunde * innen 
nicht so stark wie ich gerne wäre , leicht verunsichert ",6,5,7,3,6,"Das Universum und wie klein unsere Welt ist. 
Mit nicht bekannte riesengroße Sterne .",???,1,"",1,1,1,1,"",,,TRUE,TRUE,,,,,TRUE,TRUE,TRUE,6.33333333333333,,,,,,,,
dccd8643,430,745,exp_new,"Stärken:
-aufmerksam, kann gut zuhören 
- zielstrebig 
- kann gut kochen und backen 

Schwächen:
-manchmal lustlos 
-begeisterungsschwierig
-manchmal zu schüchtern, nicht selbstbewusst genug ",2,2,4,4,2,"-Am Anfang des Videos war eine Stadt zusehen
- das Video ist immer weiter rausgezoomt 
- alles würde kleiner, bis man die Erde nicht mehr gesehen hat, dann unser Sonnensystem und so weiter ","Vielleicht, was es in den Menschen auslöst, dass keiner weiß, was jenseits unseres Sonnensystems passiert/ist und was das mit uns macht. Aber vielleicht auch die Realisation, dass wir alle nur kleine Punkte im Universum sind, die bei der unendlichen Größe unseres Universums unwichtig erscheinen ",1,"",1,1,1,1,"",,,TRUE,TRUE,,,,,TRUE,TRUE,TRUE,2.66666666666667,,,,,,,,
bf26ba1c,750,330,exp_new,"Meine Stärken sind, dass ich sehr gut im privaten Netzwerken kann. Ich ich bringe Leute zusammen und freue mich sehr, wenn ich helfen kann.. ich bin empathisch.  

Beruf, bin ich genau und und nehme die mir übertragenen Aufgaben sehr ernst.

Ich habe eine schnelle Auffassungsgabe
Meine Schwächen sind, dass ich nicht Entscheidung stark bin. Es fällt mir schwer, anderen geradeaus, die Meinung zu sagen.. ich bin ein people pleaser. Ich bin sehr, sehr kritisch mit mir selbst.. und stehe mir dabei oft selbst im Weg
",6,2,5,4,4,Das Video geht einem kleinen Ausschnitt auf der Erde bis hin zur Erde im Sonnensystem bis hin zur Erde in der Galaxie,"Das habe ich mich ehrlich gesagt auch gefragt.
Vielleicht, dass man angesichts der Tatsache, dass die Erde innerhalb der Galaxie nur so klein ist, sich selbst auch nicht so ernst nimmt",1,"",1,1,1,1,"",,,TRUE,TRUE,,,,,TRUE,TRUE,TRUE,5,,,,,,,,
e8710fdd,390,699,exp_old,"Geduldig , ausdauernd, belastbar, freundlich 

Konfliktscheu, harmoniesüchtig, nicht ergeizig",2,1,2,2,4,"Den Planeten, Satelliten ",Emotionen,1,"",1,1,1,1,"",,,TRUE,TRUE,,,,,TRUE,TRUE,TRUE,2.66666666666667,,,,,,,,
37478872,402,714,exp_old,"Stärken: Ich bin sehr analytisch und struktiert, empathisch und gemeinschaftsorientiert. Wenn mir etwas wichtig ist, setze ich mich voll dafür ein. 
Schwächen: Ich bin wenig selbstbewusst und manchmal sehr ungeduldig. ",6,3,5,3,5,Größe der Planeten unseres Sonnensystems und von bekannten Sternen im Vergleich.,"I am clueless. Vielleicht ob man durch die Erfahrung, sich unheimlich klein zu fühlen, mehr über seine Schwächen schreibt?",1,"",1,1,1,1,"",,,TRUE,TRUE,,,,,TRUE,TRUE,TRUE,5.33333333333333,,,,,,,,
68b466a1,402,714,exp_new,"Stärken:
Zuverlässig
Zielstrebig
Strukturiert 


Schwächen:
In großen Runden eher zurückhaltend ",4,1,5,4,5,"Universum
All
Planeten 
Sterne","Aufmerksamkeit
",2,"Beim ersten Mal nur schwarzer Bildschirm, beim zweiten Mal hat es funktioniert ",1,2,1,1,"",,,TRUE,TRUE,,,,,TRUE,FALSE,FALSE,4.66666666666667,,,,,,,,
2f42c8cb,411,774,exp_old,"Meine Staerke sind im Empathie, Offenheit, Sympathie, Weltinteresse fuer Grosse und kleine Themen, was groß ist oder klein, wie es dazwischen artikuliert ist",1,1,7,6,7,Um Relativieren,"Um wie unwichtig wir sind, aber wir fuer wichtig halten, was relativ wichtig ist",1,"",1,1,1,1,"",,,TRUE,TRUE,,,,,TRUE,TRUE,TRUE,5,,,,,,,,
b24b459d,942,873,exp_old,"Gut zuhören, gerecht, super Papa, jeder Mensch ist gleich, hilfsbereit, repariere alles, spendabel, Ehrenamtler, ein Macher

Ungeduldig, stur, ",6,1,6,6,6,"Größe der Galaxi und wie klein die Erde ist, es gibt so viel mehr, wir sind nur ein kleiner Teil davon","- Wir sind ein kleiner Teil von großen Ganzen und müssen diesen Teil unsere Erde schützen, im ein Teil davon zu bleiben.",1,"",1,1,1,1,"",,,TRUE,TRUE,,,,,TRUE,TRUE,TRUE,6,,,,,,,,
288b1b40,393,695,exp_old,"Kommunikationsfreudig, sozial, hilfsbereit, offenes Ohr, überall dabei und dadurch gute Resilienz

Teilweise sehr zerstreut, schlecht mit Namen , schnell abgelenkt und dadurch unhöflich. In Gesprächen

 

 ",5,1,4,2,5,"-Vergleichsmaße von einem Punkt auf der Erde zum größten bekannten Objekt im Universum 
-herauszoomeffekt über alle Planeten unseres Sonnensystems über die Sonne und alle darauf folgenden immer größeren Sonnen ","Selbsteinschätzung, Selbstüberschätzung 
",1,"",1,1,1,1,"",,,TRUE,TRUE,,,,,TRUE,TRUE,TRUE,4.66666666666667,,,,,,,,
58d7dc28,920,338,exp_new,"Hilfsbereit
Diszipliniert
Höflich
Konzentriert
Optimistisch
Stark

Naiv
Kann schwer nein sagen",6,2,7,6,6,Zoom von einem kleinen Fleck Erde auf das Universum,Zu hinterfragen wie wichtig man sich selbst im Vergleich zum großen ganzen nimmt,1,"",1,1,1,1,"",,,TRUE,TRUE,,,,,TRUE,TRUE,TRUE,6.33333333333333,,,,,,,,
bf6215a5,360,648,exp_new,"Ich bin ziemlich geduldig und kann an einer Aufgabe bleiben, bis sie fertig gestellt ist. Ich bin freundlich und emphathisch meinen Mitmenschen gegenüber. Liebe Musik und Fremdsprachen.
Mag mich nicht gerne an Regeln halten, die mir von außen aufgeräumt werden. Habe manchmal nicht eine eingeschränkte Energie. ",2,6,5,2,3,"Grüne Landschaften, graue Siedlungen, die Gefährdung der Erde, ihr Ausgesetztsein im All, Explosionen, Zerstörung?",Wie weit ist den Menschen die Gefährdung unserer Erde bewusst?,1,"",1,1,1,1,"",,,TRUE,TRUE,,,,,TRUE,TRUE,TRUE,3.33333333333333,,,,,,,,
97698ba4,1280,533,control,"Ich kann schnell und pragamtisch Lösungen für konkrete Probleme entwickeln, bin gut darin, das große Bild zu erfassen und dann in einzelne Teilbereicht zu zerlegen. Ich kann gut erklären und die Dinge auf den Punkt bringen.
In sozialen Situationen bin ich oft eher zögerlich bei Entscheidungen, kann aber auch mal schnell aus dem Bauch heraus handeln.",1,1,1,2,2,"Anleitung zum Stabilisieren einer selbst gebauten Mauer. Demo, wie einfach das geht, ermutigung und Zuversicht für potenzielle Kunden  - you can do it! Verstärkt dadurch, dass als Darsteller eine Frau gewählt wurde: """"""""""""""""Wenn selbst di das schafft...""""""""""""""""",Botschaften verstärken durch Verwendung rollentypischer Klischees??,1,"",1,1,1,3,"",,,TRUE,TRUE,,,,,TRUE,TRUE,TRUE,1.33333333333333,,,,,,,,
0ba4fc9d,390,661,exp_old,"Ich bin eine fröhliche Person, den Menschen sehr zugewandt. Ich habe keine Berührungsängste, Kuschel gerne., temperamentvoll , liebevoll,  sportlich 
Negativ: Eifersüchtig, launisch, impulsiv.",3,1,1,1,4,"Von dem Weltall, den Planeten und anderen Sonnensystemen. Der Film verdeutlicht wie klein und unwichtig die Erde im Verhältnis ist.",Keine Ahnung….. Wahrnehmung? Emotionen die ausgelöst werden durch die Kombination von visuellen Eindrücken und Musik.,1,"",1,1,1,1,"",,,TRUE,TRUE,,,,,TRUE,TRUE,TRUE,2.66666666666667,,,,,,,,
91908ab2,1272,596,exp_old,"spontan, kreativ, abenteuerlustig, leicht begeisterungsfähig, gute zuhörerin, lösungsorientiert(kreativer Bereich), handwerklich, offen, extrovertiert

zögere deadlines hinaus, schlecht im kommunizieren über apps, undiszipliniert, unpünktlich, sage zu allem ja ",6,5,6,3,7,"- es handelte um den Größenvergleich zwischen den uns bekannten Planeten und den Sterne
-> von ganz klein bis mega groß

-wie klein die Erde doch im Vergleich zu den restlich existierenden Sternen und Planeten im Universum ist 
 ","um uns zu zeigen wie unrelevant wir Menschen eigentlich für das ganze Universum sind...
und wie klein wir Menschen mit unsere Probleme sind.
Das unser Universum aus so viel mehr besteht als nur  die Menschheit und der Planet Erde.
Und das wir Menschen immer daran glauben alles zu wissen, aber die Welt und das Universum ist noch so viel größer, unergründeter und unerforschter als wir denken.",1,"",1,1,1,3,"",,,TRUE,TRUE,,,,,TRUE,TRUE,TRUE,6.33333333333333,,,,,,,,
